# Made in Blockbench 4.12.5
mtllib arraytowerlarge.mtl

o cube
v -0.75 0.5 -1.5
v -0.9375 2.25 1.25
v -0.9375 2.25 -1.25
v -0.9375 2 1.25
v -0.9375 2 -1.25
v -1.25 2.25 1.25
v -1.25 2.25 -1.25
v -1.25 2 1.25
v -1.25 2 -1.25
v 1.7864885110763682 0.12016587835298753 1.782643321058468
v 1.7864885110763682 0.12016587835298753 -1.779856678941532
v 1.7864885110763682 -0.004834121647012246 1.782643321058468
v 1.7864885110763682 -0.004834121647012246 -1.779856678941532
v -1.7760114889236318 0.12016587835298753 1.782643321058468
v -1.7760114889236318 0.12016587835298753 -1.779856678941532
v -1.7760114889236318 -0.004834121647012246 1.782643321058468
v -1.7760114889236318 -0.004834121647012246 -1.779856678941532
v -0.33397128810845134 5.330562436815367 0.5611277103828402
v -0.34348626985365227 5.282726983311443 0.3159313920775636
v -1.254803768058976 0.7012274406032761 1.5000000588488982
v -1.264318749804177 0.6533919870993528 1.2548037405436216
v -0.5791676064137279 5.379335026346071 0.5611276269962017
v -0.5886825881589288 5.331499572842148 0.3159313086909251
v -1.5000000863642526 0.7500000301339804 1.4999999754622595
v -1.5095150681094536 0.702164576630057 1.254803657156983
v 0.5791675771187584 5.379335016812473 0.5611276293406341
v 0.5886825588639594 5.331499563308551 0.31593131103535765
v 1.5000000570692833 0.7500000206003836 1.4999999778066921
v 1.5095150388144842 0.7021645670964602 1.2548036595014156
v 0.333971258813482 5.3305624272817695 0.5611277127272726
v 0.34348624055868293 5.282726973777847 0.31593139442199614
v 1.2548037387640067 0.7012274310696793 1.5000000611933306
v 1.2643187205092077 0.653391977565756 1.254803742888054
v -0.34348626985365227 5.282726983311443 -0.3159313920775636
v -0.33397128810845134 5.330562436815367 -0.5611277103828402
v -1.264318749804177 0.6533919870993528 -1.2548037405436216
v -1.254803768058976 0.7012274406032761 -1.5000000588488982
v -0.5886825881589288 5.331499572842148 -0.3159313086909251
v -0.5791676064137279 5.379335026346071 -0.5611276269962017
v -1.5095150681094536 0.702164576630057 -1.254803657156983
v -1.5000000863642526 0.7500000301339804 -1.4999999754622595
v 0.5886825881589288 5.331499572842148 -0.3159313086909251
v 0.5791676064137279 5.379335026346071 -0.5611276269962017
v 1.5095150681094536 0.702164576630057 -1.254803657156983
v 1.5000000863642526 0.7500000301339804 -1.4999999754622595
v 0.34348626985365227 5.282726983311443 -0.3159313920775636
v 0.33397128810845134 5.330562436815367 -0.5611277103828402
v 1.264318749804177 0.6533919870993528 -1.2548037405436216
v 1.254803768058976 0.7012274406032761 -1.5000000588488982
v -1.25 0.5 -1.25
v -1.25 0.5 -1.5
v -1.25 0 -1.25
v -1.25 0 -1.5
v -1.5 0.5 -1.25
v -1.5 0.5 -1.5
v -1.5 0 -1.25
v -1.5 0 -1.5
v 1.5 0.5 -1.25
v 1.5 0.5 -1.5
v 1.5 0 -1.25
v 1.5 0 -1.5
v 1.25 0.5 -1.25
v 1.25 0.5 -1.5
v 1.25 0 -1.25
v 1.25 0 -1.5
v -1.25 0.5 1.5
v -1.25 0.5 1.25
v -1.25 0 1.5
v -1.25 0 1.25
v -1.5 0.5 1.5
v -1.5 0.5 1.25
v -1.5 0 1.5
v -1.5 0 1.25
v 1.5 0.5 1.5
v 1.5 0.5 1.25
v 1.5 0 1.5
v 1.5 0 1.25
v 1.25 0.5 1.5
v 1.25 0.5 1.25
v 1.25 0 1.5
v 1.25 0 1.25
v 1.5 3.75 -1.4375
v 1.5 3.75 -1.5
v 1.5 3.5 -1.4375
v 1.5 3.5 -1.5
v -1.4375 3.75 -1.4375
v -1.4375 3.75 -1.5
v -1.4375 3.5 -1.4375
v -1.4375 3.5 -1.5
v -1.4375 3.75 1.4375
v -1.4375 3.75 -1.5
v -1.4375 3.5 1.4375
v -1.4375 3.5 -1.5
v -1.5 3.75 1.4375
v -1.5 3.75 -1.5
v -1.5 3.5 1.4375
v -1.5 3.5 -1.5
v 1.5 3.75 1.5
v 1.5 3.75 1.4375
v 1.5 3.5 1.5
v 1.5 3.5 1.4375
v -1.5 3.75 1.5
v -1.5 3.75 1.4375
v -1.5 3.5 1.5
v -1.5 3.5 1.4375
v 1.5 3.75 1.4375
v 1.5 3.75 -1.4375
v 1.5 3.5 1.4375
v 1.5 3.5 -1.4375
v 1.4375 3.75 1.4375
v 1.4375 3.75 -1.4375
v 1.4375 3.5 1.4375
v 1.4375 3.5 -1.4375
v 0.6875 3.5 -0.6875
v 0.6875 3.5 -1.5
v 0.6875 3.4375 -0.6875
v 0.6875 3.4375 -1.5
v -0.6875 3.5 -0.6875
v -0.6875 3.5 -1.5
v -0.6875 3.4375 -0.6875
v -0.6875 3.4375 -1.5
v -0.6875 3.5 1.5
v -0.6875 3.5 -1.5
v -0.6875 3.4375 1.5
v -0.6875 3.4375 -1.5
v -1.5 3.5 1.5
v -1.5 3.5 -1.5
v -1.5 3.4375 1.5
v -1.5 3.4375 -1.5
v -1.25 3.5 -1.5
v -1.25 3.5 -1.625
v -1.25 0 -1.5
v -1.25 0 -1.625
v -1.4375 3.5 -1.5
v -1.4375 3.5 -1.625
v -1.4375 0 -1.5
v -1.4375 0 -1.625
v -0.5625 3.875 -1.3125
v -0.5625 3.875 -1.625
v -0.5625 3.5 -1.3125
v -0.5625 3.5 -1.625
v -0.75 3.875 -1.3125
v -0.75 3.875 -1.625
v -0.75 3.5 -1.3125
v -0.75 3.5 -1.625
v -1.25 3.875 -1.3125
v -1.25 3.875 -1.625
v -1.25 3.5 -1.3125
v -1.25 3.5 -1.625
v -1.4375 3.875 -1.3125
v -1.4375 3.875 -1.625
v -1.4375 3.5 -1.3125
v -1.4375 3.5 -1.625
v -0.75 0.6875 -1.5
v -0.75 0.6875 -1.625
v -0.75 0.5 -1.625
v -1.25 0.6875 -1.5
v -1.25 0.6875 -1.625
v -1.25 0.5 -1.5
v -1.25 0.5 -1.625
v -0.75 2.5625 -1.5
v -0.75 2.5625 -1.625
v -0.75 2.375 -1.5
v -0.75 2.375 -1.625
v -1.25 2.5625 -1.5
v -1.25 2.5625 -1.625
v -1.25 2.375 -1.5
v -1.25 2.375 -1.625
v -0.75 3.1875 -1.5
v -0.75 3.1875 -1.625
v -0.75 3 -1.5
v -0.75 3 -1.625
v -1.25 3.1875 -1.5
v -1.25 3.1875 -1.625
v -1.25 3 -1.5
v -1.25 3 -1.625
v -0.75 1.9375 -1.5
v -0.75 1.9375 -1.625
v -0.75 1.75 -1.5
v -0.75 1.75 -1.625
v -1.25 1.9375 -1.5
v -1.25 1.9375 -1.625
v -1.25 1.75 -1.5
v -1.25 1.75 -1.625
v -0.75 1.3125 -1.5
v -0.75 1.3125 -1.625
v -0.75 1.125 -1.5
v -0.75 1.125 -1.625
v -1.25 1.3125 -1.5
v -1.25 1.3125 -1.625
v -1.25 1.125 -1.5
v -1.25 1.125 -1.625
v -0.5625 3.5 -1.5
v -0.5625 3.5 -1.625
v -0.5625 0 -1.5
v -0.5625 0 -1.625
v -0.75 3.5 -1.5
v -0.75 3.5 -1.625
v -0.75 0 -1.5
v -0.75 0 -1.625
v 0.6875 3.5 1.5
v 0.6875 3.5 0.6875
v 0.6875 3.4375 1.5
v 0.6875 3.4375 0.6875
v -0.6875 3.5 1.5
v -0.6875 3.5 0.6875
v -0.6875 3.4375 1.5
v -0.6875 3.4375 0.6875
v 1.5 3.5 1.5
v 1.5 3.5 -1.5
v 1.5 3.4375 1.5
v 1.5 3.4375 -1.5
v 0.6875 3.5 1.5
v 0.6875 3.5 -1.5
v 0.6875 3.4375 1.5
v 0.6875 3.4375 -1.5
v 0.625 5.4375 -0.375
v 0.625 5.4375 -0.625
v 0.625 5.25 -0.375
v 0.625 5.25 -0.625
v -0.625 5.4375 -0.375
v -0.625 5.4375 -0.625
v -0.625 5.25 -0.375
v -0.625 5.25 -0.625
v -0.375 5.4375 0.375
v -0.375 5.4375 -0.375
v -0.375 5.25 0.375
v -0.375 5.25 -0.375
v -0.625 5.4375 0.375
v -0.625 5.4375 -0.375
v -0.625 5.25 0.375
v -0.625 5.25 -0.375
v 0.625 5.4375 0.625
v 0.625 5.4375 0.375
v 0.625 5.25 0.625
v 0.625 5.25 0.375
v -0.625 5.4375 0.625
v -0.625 5.4375 0.375
v -0.625 5.25 0.625
v -0.625 5.25 0.375
v 0.625 5.4375 0.375
v 0.625 5.4375 -0.375
v 0.625 5.25 0.375
v 0.625 5.25 -0.375
v 0.375 5.4375 0.375
v 0.375 5.4375 -0.375
v 0.375 5.25 0.375
v 0.375 5.25 -0.375
v 1.5 0.75 -1.25
v 1.5 0.75 -1.5
v 1.5 0.5 -1.25
v 1.5 0.5 -1.5
v -1.5 0.75 -1.25
v -1.5 0.75 -1.5
v -1.5 0.5 -1.25
v -1.5 0.5 -1.5
v 1.5 0.75 1.25
v 1.5 0.75 -1.25
v 1.5 0.5 1.25
v 1.5 0.5 -1.25
v 1.1875 0.75 1.25
v 1.1875 0.75 -1.25
v 1.1875 0.5 1.25
v 1.1875 0.5 -1.25
v 1.5 0.75 1.5
v 1.5 0.75 1.25
v 1.5 0.5 1.5
v 1.5 0.5 1.25
v -1.5 0.75 1.5
v -1.5 0.75 1.25
v -1.5 0.5 1.5
v -1.5 0.5 1.25
v -1.1875 0.75 1.25
v -1.1875 0.75 -1.25
v -1.1875 0.5 1.25
v -1.1875 0.5 -1.25
v -1.5 0.75 1.25
v -1.5 0.75 -1.25
v -1.5 0.5 1.25
v -1.5 0.5 -1.25
v -0.5 4.25 0.5
v -0.5 4.25 -0.5
v -0.5 4 0.5
v -0.5 4 -0.5
v -0.8125 4.25 0.5
v -0.8125 4.25 -0.5
v -0.8125 4 0.5
v -0.8125 4 -0.5
v 0.8125 4.25 0.8125
v 0.8125 4.25 0.5
v 0.8125 4 0.8125
v 0.8125 4 0.5
v -0.8125 4.25 0.8125
v -0.8125 4.25 0.5
v -0.8125 4 0.8125
v -0.8125 4 0.5
v 0.8125 4.25 0.5
v 0.8125 4.25 -0.5
v 0.8125 4 0.5
v 0.8125 4 -0.5
v 0.5 4.25 0.5
v 0.5 4.25 -0.5
v 0.5 4 0.5
v 0.5 4 -0.5
v 0.8125 4.25 -0.5
v 0.8125 4.25 -0.8125
v 0.8125 4 -0.5
v 0.8125 4 -0.8125
v -0.8125 4.25 -0.5
v -0.8125 4.25 -0.8125
v -0.8125 4 -0.5
v -0.8125 4 -0.8125
v 1.25 2.25 1.25
v 1.25 2.25 -1.25
v 1.25 2 1.25
v 1.25 2 -1.25
v 0.9375 2.25 1.25
v 0.9375 2.25 -1.25
v 0.9375 2 1.25
v 0.9375 2 -1.25
v 0.9375 2.25 -0.9375
v 0.9375 2.25 -1.25
v 0.9375 2 -0.9375
v 0.9375 2 -1.25
v -0.9375 2.25 -0.9375
v -0.9375 2.25 -1.25
v -0.9375 2 -0.9375
v -0.9375 2 -1.25
v 0.9375 2.25 1.25
v 0.9375 2.25 0.9375
v 0.9375 2 1.25
v 0.9375 2 0.9375
v -0.9375 2.25 1.25
v -0.9375 2.25 0.9375
v -0.9375 2 1.25
v -0.9375 2 0.9375
v 1.046358916406486 2.854660227435458 1.037088132814628
v 1.0593030303360251 2.8447277569797693 0.9131575234187811
v 0.8941686058197749 2.656321856555058 1.0370883046026367
v 0.9071127197493141 2.64638938609937 0.9131576952067897
v -0.6742548649181859 4.174932727241211 0.7515623165172536
v -0.6613107509886467 4.165000256785523 0.6276317071214066
v -0.8264451755048969 3.9765943563608115 0.7515624883052622
v -0.8135010615753577 3.966661885905123 0.6276318789094153
v 0.6700568336788533 4.176043084356318 0.7732729141890572
v 0.6571127197493141 4.1661106139006305 0.6493423047932103
v 0.8222471442655643 3.977704713475919 0.7732730859770659
v 0.8093030303360251 3.9677722430202307 0.6493424765812189
v -1.0505569476458185 2.8557705845505654 1.0587987304864317
v -1.0635010615753577 2.845838114094877 0.9348681210905847
v -0.8983666370591075 2.657432213670166 1.0587989022744404
v -0.9113107509886467 2.6474997432144773 0.9348682928785934
v -0.9971985226543523 2.8923822988584793 -1.0289302523489887
v -1.0101426365838915 2.882449828402791 -0.9049996429531417
v -0.8450082120676412 2.69404392797808 -1.0289304241369974
v -0.8579523259971804 2.684111457522391 -0.9049998147411504
v 0.6250944711660524 4.13721065581819 -0.7597201969828928
v 0.6121503572365132 4.127278185362501 -0.635789587587046
v 0.7772847817527635 3.9388722849377897 -0.7597203687709015
v 0.7643406678232243 3.9289398144821015 -0.6357897593750547
v -0.6700568336788533 4.176043084356318 -0.7732729141890571
v -0.6571127197493141 4.1661106139006305 -0.6493423047932101
v -0.8222471442655643 3.977704713475919 -0.7732730859770658
v -0.8093030303360251 3.9677722430202307 -0.6493424765812188
v 1.0505569476458185 2.8557705845505654 -1.0587987304864317
v 1.0635010615753577 2.845838114094877 -0.9348681210905848
v 0.8983666370591075 2.657432213670166 -1.0587989022744404
v 0.9113107509886467 2.6474997432144773 -0.9348682928785934
v -1.0370881328146278 2.854660227435458 1.046358916406486
v -0.9131575234187808 2.8447277569797693 1.0593030303360251
v -1.0370883046026365 2.656321856555058 0.8941686058197749
v -0.9131576952067895 2.64638938609937 0.907112719749314
v -0.7515623165172536 4.174932727241211 -0.6742548649181859
v -0.6276317071214067 4.165000256785523 -0.6613107509886468
v -0.7515624883052623 3.9765943563608115 -0.8264451755048969
v -0.6276318789094154 3.966661885905123 -0.8135010615753578
v -0.7732729141890569 4.176043084356318 0.6700568336788533
v -0.6493423047932101 4.1661106139006305 0.6571127197493141
v -0.7732730859770656 3.977704713475919 0.8222471442655643
v -0.6493424765812187 3.9677722430202307 0.8093030303360251
v -1.058798730486432 2.8557705845505654 -1.0505569476458185
v -0.9348681210905849 2.845838114094877 -1.0635010615753577
v -1.0587989022744404 2.657432213670166 -0.8983666370591075
v -0.9348682928785936 2.6474997432144773 -0.9113107509886467
v 1.028930252348989 2.8923822988584793 -0.9971985226543524
v 0.9049996429531421 2.882449828402791 -1.0101426365838915
v 1.0289304241369976 2.69404392797808 -0.8450082120676414
v 0.9049998147411507 2.684111457522391 -0.8579523259971806
v 0.7515623165172534 4.174932727241211 0.6742548649181858
v 0.6276317071214065 4.165000256785523 0.6613107509886466
v 0.7515624883052621 3.9765943563608115 0.8264451755048968
v 0.6276318789094151 3.966661885905123 0.8135010615753576
v 0.7732729141890574 4.176043084356318 -0.6700568336788533
v 0.6493423047932104 4.1661106139006305 -0.6571127197493141
v 0.7732730859770661 3.977704713475919 -0.8222471442655643
v 0.6493424765812191 3.9677722430202307 -0.8093030303360251
v 1.0506408500207922 2.8934926559735867 1.001396553893685
v 0.9267102406249453 2.8835601855178985 1.014340667823224
v 1.050641021808801 2.6951542850931873 0.849206243306974
v 0.926710412412954 2.685221814637499 0.862150357236513
v 0.7750399011109134 0.5991518635990483 1.39795833240557
v 0.7879840150404525 0.58921939314336 1.274027723009723
v 0.5283785093124257 0.5655995865945127 1.3748844834885847
v 0.5413226232419649 0.555667116138824 1.2509538740927377
v 0.5707332628284959 2.204265354316864 1.2479767353031093
v 0.5836773767580351 2.194332883861176 1.1240461259072623
v 0.32407187103000834 2.1707130773123287 1.2249028863861238
v 0.3370159849595475 2.16078060685664 1.100972276990277
v -0.5861764723235087 2.1387058913503747 1.2249026434411923
v -0.5991205862530479 2.128773420894686 1.1009720340453453
v -0.3395150805250211 2.1051536143458387 1.2018287945242068
v -0.3524591944545602 2.09522114389015 1.0778981851283598
v -0.7747672153534324 0.6570626691493135 1.3633471946126945
v -0.7877113292829716 0.6471301986936251 1.2394165852168475
v -0.5281058235549447 0.6235103921447778 1.3402733456957092
v -0.5410499374844839 0.6135779216890893 1.2163427362998622
v -1.1938400976628862 0.7414940131663934 -1.4365617742115457
v -1.2067842115924254 0.731561542710705 -1.3126311648156987
v -1.0416497870761752 0.5431556422859938 -1.4365619459995544
v -1.0545939010057144 0.5332231718303053 -1.3126313366037075
v 0.7234152586703193 2.2126547986642326 -1.1184044360516143
v 0.7104711447407801 2.202722328208544 -0.9944738266557673
v 0.8756055692570304 2.014316427783833 -1.118404607839623
v 0.8626614553274912 2.0043839573281446 -0.994473998443776
v -0.7192172274309867 2.21376515577934 -1.0776150337234178
v -0.7062731135014475 2.2038326853236514 -0.9536844243275708
v -0.8714075380176978 2.0154267848989402 -1.0776152055114265
v -0.8584634240881586 2.005494314443252 -0.9536845961155795
v 1.198038128902219 0.7426043702815011 -1.3957723718833497
v 1.2109822428317583 0.7326718998258124 -1.2718417624875027
v 1.045847818315508 0.5442659994011012 -1.3957725436713582
v 1.0587919322450472 0.534333528945413 -1.2718419342755114
v -1.4365617742115455 0.7414940131663934 1.1938400976628862
v -1.3126311648156985 0.731561542710705 1.2067842115924254
v -1.4365619459995542 0.5431556422859938 1.0416497870761752
v -1.3126313366037072 0.5332231718303053 1.0545939010057144
v -1.1184044360516143 2.2126547986642326 -0.7234152586703192
v -0.9944738266557676 2.202722328208544 -0.7104711447407801
v -1.118404607839623 2.014316427783833 -0.8756055692570303
v -0.9944739984437763 2.0043839573281446 -0.8626614553274912
v -1.0776150337234176 2.21376515577934 0.7192172274309867
v -0.9536844243275708 2.2038326853236514 0.7062731135014475
v -1.0776152055114263 2.0154267848989402 0.8714075380176978
v -0.9536845961155795 2.005494314443252 0.8584634240881586
v -1.3957723718833497 0.7426043702815011 -1.198038128902219
v -1.2718417624875027 0.7326718998258124 -1.2109822428317583
v -1.3957725436713584 0.5442659994011012 -1.045847818315508
v -1.2718419342755114 0.534333528945413 -1.0587919322450472
v 1.4365617742115462 0.7414940131663934 -1.1938400976628862
v 1.3126311648156992 0.731561542710705 -1.2067842115924254
v 1.436561945999555 0.5431556422859938 -1.0416497870761752
v 1.312631336603708 0.5332231718303053 -1.0545939010057144
v 1.118404436051614 2.2126547986642326 0.7234152586703193
v 0.9944738266557671 2.202722328208544 0.7104711447407801
v 1.1184046078396228 2.014316427783833 0.8756055692570304
v 0.9944739984437758 2.0043839573281446 0.8626614553274912
v 1.077615033723418 2.21376515577934 -0.7192172274309866
v 0.9536844243275712 2.2038326853236514 -0.7062731135014475
v 1.0776152055114268 2.0154267848989402 -0.8714075380176978
v 0.9536845961155799 2.005494314443252 -0.8584634240881586
v 1.3957723718833492 0.7426043702815011 1.198038128902219
v 1.2718417624875022 0.7326718998258124 1.2109822428317583
v 1.395772543671358 0.5442659994011012 1.045847818315508
v 1.271841934275511 0.534333528945413 1.0587919322450472
v 1.4438400976628862 0.2414940131663934 1.4990617742115457
v 1.4567842115924254 0.23156154271070495 1.375131164815699
v 1.2916497870761752 0.04315564228599378 1.4990619459995544
v 1.3045939010057144 0.03322317183030532 1.3751313366037077
v 0.8047549788851511 0.7318809416656729 1.3930093281582354
v 0.8176990928146903 0.7219484712099846 1.2690787187623884
v 0.6525646682984401 0.5335425707852735 1.3930094999462441
v 0.6655087822279793 0.523610100329585 1.2690788905503971
v -0.8581134038766172 0.695269227357759 1.3603778062956782
v -0.8710575178061564 0.6853367569020707 1.2364471968998314
v -0.7059230932899061 0.4969308564773596 1.3603779780836869
v -0.7188672072194453 0.4869983860216711 1.2364473686878399
v -1.448038128902219 0.24260437028150106 1.4582723718833495
v -1.4609822428317583 0.23267189982581238 1.3343417624875025
v -1.295847818315508 0.04426599940110121 1.4582725436713582
v -1.3087919322450472 0.03433352894541297 1.3343419342755112
v 1.4365620146236464 0.24149401316646357 -1.443840215303901
v 1.3126314052277994 0.23156154271077511 -1.4567843292334401
v 1.4365621864116551 0.043155642286063944 -1.2916499047171899
v 1.3126315770158081 0.033223171830375486 -1.304594018646729
v 1.3223516881046962 0.7696030130887657 -0.755594702774031
v 1.1984210787088494 0.7596705426330774 -0.7685388167035702
v 1.3223518598927049 0.5712646422083663 -0.60340439218732
v 1.1984212504968579 0.5613321717526776 -0.6163485061168592
v 1.2978780467077784 0.6952692273578291 0.858113521517632
v 1.1739474373119316 0.6853367569021409 0.8710576354471711
v 1.297878218495787 0.4969308564774302 0.7059232109309211
v 1.1739476090999403 0.4869983860217415 0.7188673248604603
v 1.3957726122954495 0.2426043702815719 1.4480382465432329
v 1.2718420028996025 0.23267189982588343 1.4609823604727719
v 1.3957727840834582 0.04426599940117293 1.2958479359565218
v 1.2718421746876112 0.03433352894548447 1.308792049886061
v -1.4365620146236457 0.24149401316646402 1.4438402153039003
v -1.312631405227799 0.23156154271077556 1.4567843292334395
v -1.4365621864116545 0.04315564228606439 1.2916499047171892
v -1.3126315770158077 0.03322317183037593 1.3045940186467284
v -1.3305095685703354 0.7318809416657444 0.8047550965261645
v -1.2065789591744884 0.7219484712100557 0.8176992104557036
v -1.3305097403583441 0.5335425707853445 0.6525647859394534
v -1.2065791309624971 0.5236101003296563 0.6655088998689926
v -1.2815622857764999 0.7707133702038731 -0.7597927340133637
v -1.157631676380653 0.7607808997481849 -0.7727368479429029
v -1.2815624575645086 0.5723749993234741 -0.607602423426653
v -1.1576318481686616 0.5624425288677855 -0.6205465373561921
v -1.39577261229545 0.242604370281571 -1.4480382465432335
v -1.2718420028996031 0.23267189982588254 -1.4609823604727727
v -1.3957727840834586 0.04426599940117204 -1.2958479359565227
v -1.2718421746876118 0.03433352894548358 -1.308792049886062
v -1.4438400976628862 0.2414940131663934 -1.4365617742115457
v -1.4567842115924254 0.23156154271070495 -1.3126311648156987
v -1.2916497870761752 0.04315564228599378 -1.4365619459995544
v -1.3045939010057144 0.03322317183030532 -1.3126313366037075
v -0.8539153726372846 0.6941588702426515 -1.3386672086238744
v -0.8668594865668238 0.6842263997869631 -1.2147365992280277
v -0.7017250620505735 0.49582049936225214 -1.3386673804118832
v -0.7146691759801127 0.48588802890656346 -1.2147367710160362
v 0.7464530101244837 0.7329912987807807 -1.289719925830039
v 0.7593971240540229 0.723058828325092 -1.1657893164341921
v 0.5942626995377727 0.5346529279003811 -1.2897200976180476
v 0.6072068134673119 0.5247204574446926 -1.1657894882222006
v 1.385538128902219 0.24260437028150106 -1.3957723718833497
v 1.3984822428317583 0.23267189982581238 -1.2718417624875027
v 1.233347818315508 0.04426599940110121 -1.3957725436713582
v 1.2462919322450472 0.03433352894541297 -1.2718419342755114
v 0.5 2 1.6875
v 0.5 2 0.5625
v 0.5 1 1.6875
v 0.5 1 0.5625
v -0.5 2 1.6875
v -0.5 2 0.5625
v -0.5 1 1.6875
v -0.5 1 0.5625
v 0.4375 1.9375 1.75
v 0.4375 1.9375 1.6875
v 0.4375 1.125 1.75
v 0.4375 1.125 1.6875
v -0.4375 1.9375 1.75
v -0.4375 1.9375 1.6875
v -0.4375 1.125 1.75
v -0.4375 1.125 1.6875
v 0.4375 0.8632271573162706 2.0587880369601574
v 0.4375 1.1141668482198532 1.7004090175837234
v 0.4375 0.7608331517801465 1.9870909824162766
v 0.4375 1.0117728426837294 1.6287119630398426
v -0.4375 0.8632271573162706 2.0587880369601574
v -0.4375 1.1141668482198532 1.7004090175837234
v -0.4375 0.7608331517801465 1.9870909824162766
v -0.4375 1.0117728426837294 1.6287119630398426
v -0.250625 1.0847039653538475 1.4529503901019356
v -0.250625 0.0874551715448022 1.0899815129975696
v -0.250625 0.9996264547015874 1.6866989295224304
v -0.250625 0.0023776608925420994 1.3237300524180644
v -0.499375 1.0847039653538475 1.4529503901019356
v -0.499375 0.0874551715448022 1.0899815129975696
v -0.499375 0.9996264547015874 1.6866989295224304
v -0.499375 0.0023776608925420994 1.3237300524180644
v 0.499375 0.0912243827456829 0.6866989295224304
v 0.499375 1.0884731765547282 0.3237300524180643
v 0.499375 0.006146872093422795 0.4529503901019357
v 0.499375 1.003395665902468 0.08998151299756957
v 0.375625 0.0912243827456829 0.6866989295224304
v 0.375625 1.0884731765547282 0.3237300524180643
v 0.375625 0.006146872093422795 0.4529503901019357
v 0.375625 1.003395665902468 0.08998151299756957
v -0.375625 0.0912243827456829 0.6866989295224304
v -0.375625 1.0884731765547282 0.3237300524180643
v -0.375625 0.006146872093422795 0.4529503901019357
v -0.375625 1.003395665902468 0.08998151299756957
v -0.499375 0.0912243827456829 0.6866989295224304
v -0.499375 1.0884731765547282 0.3237300524180643
v -0.499375 0.006146872093422795 0.4529503901019357
v -0.499375 1.003395665902468 0.08998151299756957
v 0.5625 0.25 1.625
v 0.5625 0.25 0.4375
v 0.5625 0 1.625
v 0.5625 0 0.4375
v -0.5625 0.25 1.625
v -0.5625 0.25 0.4375
v -0.5625 0 1.625
v -0.5625 0 0.4375
v 0.499375 1.0847039653538475 1.4529503901019356
v 0.499375 0.0874551715448022 1.0899815129975696
v 0.499375 0.9996264547015874 1.6866989295224304
v 0.499375 0.0023776608925420994 1.3237300524180644
v 0.250625 1.0847039653538475 1.4529503901019356
v 0.250625 0.0874551715448022 1.0899815129975696
v 0.250625 0.9996264547015874 1.6866989295224304
v 0.250625 0.0023776608925420994 1.3237300524180644
v 0.5 0.5 1.375
v 0.5 0.5 0.5
v 0.5 0.25 1.375
v 0.5 0.25 0.5
v -0.5 0.5 1.375
v -0.5 0.5 0.5
v -0.5 0.25 1.375
v -0.5 0.25 0.5
v 0.561875 1.138550418723635 1.752027091781073
v 0.561875 1.138550418723635 -0.24672290821892728
v 0.561875 0.889800418723635 1.752027091781073
v 0.561875 0.889800418723635 -0.24672290821892728
v 0.313125 1.138550418723635 1.752027091781073
v 0.313125 1.138550418723635 -0.24672290821892728
v 0.313125 0.889800418723635 1.752027091781073
v 0.313125 0.889800418723635 -0.24672290821892728
v 0.561875 2.0760504187236353 1.752027091781073
v 0.561875 2.0760504187236353 -0.24672290821892728
v 0.561875 1.8273004187236352 1.752027091781073
v 0.561875 1.8273004187236352 -0.24672290821892728
v 0.313125 2.0760504187236353 1.752027091781073
v 0.313125 2.0760504187236353 -0.24672290821892728
v 0.313125 1.8273004187236352 1.752027091781073
v 0.313125 1.8273004187236352 -0.24672290821892728
v -0.313125 2.0760504187236353 1.752027091781073
v -0.313125 2.0760504187236353 -0.24672290821892728
v -0.313125 1.8273004187236352 1.752027091781073
v -0.313125 1.8273004187236352 -0.24672290821892728
v -0.561875 2.0760504187236353 1.752027091781073
v -0.561875 2.0760504187236353 -0.24672290821892728
v -0.561875 1.8273004187236352 1.752027091781073
v -0.561875 1.8273004187236352 -0.24672290821892728
v -0.313125 1.138550418723635 1.752027091781073
v -0.313125 1.138550418723635 -0.24672290821892728
v -0.313125 0.889800418723635 1.752027091781073
v -0.313125 0.889800418723635 -0.24672290821892728
v -0.561875 1.138550418723635 1.752027091781073
v -0.561875 1.138550418723635 -0.24672290821892728
v -0.561875 0.889800418723635 1.752027091781073
v -0.561875 0.889800418723635 -0.24672290821892728
v 0.1875 1.6875 0.5625
v 0.1875 1.6875 0.125
v 0.1875 1.3125 0.5625
v 0.1875 1.3125 0.125
v -0.1875 1.6875 0.5625
v -0.1875 1.6875 0.125
v -0.1875 1.3125 0.5625
v -0.1875 1.3125 0.125
v 0.5 1.9375 0.125
v 0.5 1.9375 -0.1875
v 0.5 0.9375 0.125
v 0.5 0.9375 -0.1875
v -0.5 1.9375 0.125
v -0.5 1.9375 -0.1875
v -0.5 0.9375 0.125
v -0.5 0.9375 -0.1875
v 0.5 4.625 0.5
v 0.5 4.625 -0.5
v 0.5 3.625 0.5
v 0.5 3.625 -0.5
v -0.5 4.625 0.5
v -0.5 4.625 -0.5
v -0.5 3.625 0.5
v -0.5 3.625 -0.5
v 0.5 6.3125 0.5
v 0.5 6.3125 -0.5
v 0.5 5.3125 0.5
v 0.5 5.3125 -0.5
v -0.5 6.3125 0.5
v -0.5 6.3125 -0.5
v -0.5 5.3125 0.5
v -0.5 5.3125 -0.5
v 1.375 4.0625 1.3125
v 1.375 4.0625 0.9375
v 1.375 3.9375 1.3125
v 1.375 3.9375 0.9375
v 1 4.0625 1.3125
v 1 4.0625 0.9375
v 1 3.9375 1.3125
v 1 3.9375 0.9375
v 1.4375 3.9375 1.375
v 1.4375 3.9375 0.875
v 1.4375 3.625 1.375
v 1.4375 3.625 0.875
v 0.9375 3.9375 1.375
v 0.9375 3.9375 0.875
v 0.9375 3.625 1.375
v 0.9375 3.625 0.875
v 1.25 6 1.1875
v 1.25 6 1.0625
v 1.25 4.0625 1.1875
v 1.25 4.0625 1.0625
v 1.125 6 1.1875
v 1.125 6 1.0625
v 1.125 4.0625 1.1875
v 1.125 4.0625 1.0625
v 1.5777139400041666 5.074859146137795 0.7105134712283533
v 1.5251384922670168 4.9666311507835115 0.6766383576959758
v 0.9382498393070272 5.095868836806906 1.635861652626894
v 0.8856743915698774 4.987640841452622 1.6019865390945165
v 1.4893256084301227 5.137359158547378 0.6480134609054835
v 1.4367501606929727 5.029131163193094 0.614138347373106
v 0.8498615077329832 5.1583688492164885 1.5733616423040242
v 0.7972860599958334 5.050140853862205 1.5394865287716466
v 1.5777139400041666 5.512359146137795 0.7105134712283533
v 1.5251384922670168 5.4041311507835115 0.6766383576959758
v 0.9382498393070272 5.533368836806906 1.635861652626894
v 0.8856743915698774 5.425140841452622 1.6019865390945165
v 1.4893256084301227 5.574859158547378 0.6480134609054835
v 1.4367501606929727 5.466631163193094 0.614138347373106
v 0.8498615077329832 5.5958688492164885 1.5733616423040242
v 0.7972860599958334 5.487640853862205 1.5394865287716466
v 1.5777139400041666 6.012359146137795 0.7105134712283533
v 1.5251384922670168 5.9041311507835115 0.6766383576959758
v 0.9382498393070272 6.033368836806906 1.635861652626894
v 0.8856743915698774 5.925140841452622 1.6019865390945165
v 1.4893256084301227 6.074859158547378 0.6480134609054835
v 1.4367501606929727 5.966631163193094 0.614138347373106
v 0.8498615077329832 6.0958688492164885 1.5733616423040242
v 0.7972860599958334 5.987640853862205 1.5394865287716466
v 0.375 0.6513996095100272 0.012901608351317484
v 0.375 5.401399609510027 0.012901608351316436
v 0.375 0.6513996095100272 -0.11209839164868252
v 0.375 5.401399609510027 -0.11209839164868357
v 0.1875 0.6513996095100272 0.012901608351317484
v 0.1875 5.401399609510027 0.012901608351316436
v 0.1875 0.6513996095100272 -0.11209839164868252
v 0.1875 5.401399609510027 -0.11209839164868357
v -0.5934173710456598 5.212643343702252 -0.5530079135099684
v -0.5879259627180158 5.230431560272175 -0.6766138348318882
v -0.7961270990798359 4.244699684263426 -0.7013111107529234
v -0.7906356907521919 4.262487900833348 -0.8249170320748432
v -0.7156989882488761 5.238513859809189 -0.554717442838999
v -0.7102075799212321 5.256302076379111 -0.6783233641609189
v -0.9184087162830523 4.270570200370362 -0.7030206400819541
v -0.912917307955408 4.288358416940284 -0.8266265614038739
v -0.4394106750452291 4.317212007409548 -1.1573942420777668
v -0.5112934521006222 4.2281552601194585 -1.2076611509235844
v -1.1013611590512022 4.338211983988224 -0.24799578281584733
v -1.1732439361065952 4.249155236698134 -0.298262691661665
v -0.5104617549243768 4.404895821935429 -1.211137080839763
v -0.5823445319797699 4.315839074645339 -1.2614039896855807
v -1.1724122389303497 4.425895798514104 -0.30173862157784365
v -1.2442950159857429 4.336839051224015 -0.3520055304236614
v -0.24937030501318913 5.224659188133448 -1.0183599946624964
v -0.32125308206858216 5.135602440843359 -1.068626903508314
v -0.9113207890191621 5.245659164712124 -0.10896153540057696
v -0.9832035660745553 5.156602417422034 -0.15922844424639465
v -0.32042138489233685 5.312343002659329 -1.0721028334244926
v -0.3923041619477299 5.223286255369239 -1.1223697422703105
v -0.9823718688983099 5.3333429792380045 -0.16270437416257327
v -1.0542546459537028 5.244286231947915 -0.21297128300839102
v -0.3507251690302772 4.740687358414035 -1.0925115932839737
v -0.4226079460856702 4.651630611123945 -1.1427785021297916
v -1.0126756530362502 4.76168733499271 -0.18311313402205442
v -1.084558430091643 4.672630587702621 -0.23338004286787212
v -0.4217762489094249 4.8283711729399155 -1.1462544320459702
v -0.4936590259648179 4.739314425649826 -1.1965213408917879
v -1.083726732915398 4.849371149518591 -0.23685597278405074
v -1.155609509970791 4.760314402228501 -0.2871228816298685
v -0.0625 8.5625 0.062499999999999986
v 0.0625 8.5625 0.06249999999999996
v -0.0625 7.5625 0.062499999999999986
v 0.0625 7.5625 0.06249999999999996
v -0.06250000000000006 8.5625 -0.06250000000000001
v 0.062499999999999944 8.5625 -0.06250000000000004
v -0.06250000000000006 7.5625 -0.06250000000000001
v 0.062499999999999944 7.5625 -0.06250000000000004
v -0.1875 8.5625 0.1875
v -0.0625 8.5625 0.1875
v -0.1875 6.625 0.1875
v -0.0625 6.625 0.1875
v -0.1875 8.5625 0.06250000000000001
v -0.0625 8.5625 0.062499999999999986
v -0.1875 6.625 0.06250000000000001
v -0.0625 6.625 0.062499999999999986
v 0.7229359225711605 7.630355915914758 0.6033686402365463
v 0.7568110361035378 7.522127920560474 0.5507931924993965
v -0.8193110464264075 7.665372067029942 -0.4624048609253525
v -0.7854359328940301 7.557144071675659 -0.5149803086625022
v 0.7854359328940301 7.692855928324341 0.5149803086625022
v 0.8193110464264075 7.584627932970058 0.4624048609253524
v -0.7568110361035378 7.727872079439526 -0.5507931924993965
v -0.7229359225711605 7.619644084085242 -0.6033686402365463
v 0.7229359225711605 8.067855915914757 0.6033686402365463
v 0.7568110361035378 7.959627920560474 0.5507931924993965
v -0.8193110464264075 8.102872067029942 -0.4624048609253525
v -0.7854359328940301 7.994644071675659 -0.5149803086625022
v 0.7854359328940301 8.130355928324342 0.5149803086625022
v 0.8193110464264075 8.022127932970058 0.4624048609253524
v -0.7568110361035378 8.165372079439525 -0.5507931924993965
v -0.7229359225711605 8.057144084085243 -0.6033686402365463
v 0.7229359225711605 8.567855915914757 0.6033686402365463
v 0.7568110361035378 8.459627920560475 0.5507931924993965
v -0.8193110464264075 8.602872067029942 -0.4624048609253525
v -0.7854359328940301 8.494644071675658 -0.5149803086625022
v 0.7854359328940301 8.630355928324342 0.5149803086625022
v 0.8193110464264075 8.522127932970058 0.4624048609253524
v -0.7568110361035378 8.665372079439525 -0.5507931924993965
v -0.7229359225711605 8.557144084085243 -0.6033686402365463
v -0.3125 6.625 0.31250000000000006
v 0.06250000000000011 6.625 0.31249999999999994
v -0.3125 6.5 0.31250000000000006
v 0.06250000000000011 6.5 0.31249999999999994
v -0.3125 6.625 -0.06249999999999996
v 0.0625 6.625 -0.06250000000000004
v -0.3125 6.5 -0.06249999999999996
v 0.0625 6.5 -0.06250000000000004
v -0.375 6.5 0.375
v 0.1250000000000001 6.5 0.375
v -0.375 6.1875 0.375
v 0.1250000000000001 6.1875 0.375
v -0.375 6.5 -0.12499999999999994
v 0.125 6.5 -0.12500000000000006
v -0.375 6.1875 -0.12499999999999994
v 0.125 6.1875 -0.12500000000000006
v 0.375625 0.41018443708329455 0.12379172438236663
v 0.375625 0.7000516404087107 0.0037247974778196885
v 0.375625 0.36187065374720206 0.00715193340281671
v 0.375625 0.6517378570726182 -0.11291499350173022
v 0.186875 0.41018443708329455 0.12379172438236663
v 0.186875 0.7000516404087107 0.0037247974778196885
v 0.186875 0.36187065374720206 0.00715193340281671
v 0.186875 0.6517378570726182 -0.11291499350173022
v 1.1216875005960465 3.5561058218393273 1.6767341363160315
v 1.1216875005960465 3.7808773841077437 1.4519625624451007
v 1.1216875005960465 3.648294870815883 1.768923180533868
v 1.1216875005960465 3.873066433084299 1.5441516066629373
v 1.2520625005960464 3.5561058218393273 1.6767341363160315
v 1.2520625005960464 3.7808773841077437 1.4519625624451007
v 1.2520625005960464 3.648294870815883 1.768923180533868
v 1.2520625005960464 3.873066433084299 1.5441516066629373
v 1.1249999999999998 2.2732948569776936 1.6410064102434054
v 1.125 3.648294856977693 1.641006374755249
v 1.1249999999999998 2.27329486020389 1.7660064102434054
v 1.125 3.6482948602038894 1.766006374755249
v 1.2499999999999998 2.2732948569776936 1.6410064102434054
v 1.25 3.648294856977693 1.641006374755249
v 1.2499999999999998 2.27329486020389 1.7660064102434054
v 1.25 3.6482948602038894 1.766006374755249
v 0.8303585299451165 0.9738425755234763 1.5268416209264362
v 1.1279629991100082 2.311141324377057 1.643840066419235
v 0.8303585299451165 0.9629481108939386 1.6513659584690856
v 1.1279629991100082 2.300246859747519 1.7683644039618847
v 0.9523955308351082 0.9468905759798474 1.5244836272079565
v 1.2499999999999998 2.2841893248334277 1.6414820727007555
v 0.9523955308351082 0.9359961113503095 1.6490079647506062
v 1.2499999999999998 2.27329486020389 1.7660064102434052
v 0.44122784543743815 0.8485966815863017 1.3333626761187964
v 0.9295692165801468 1.006901147046587 1.5632945169886359
v 0.39627718382176447 0.8222330561257951 1.4469822046906549
v 0.8846185549644732 0.9805375215860801 1.676914045560494
v 0.4839804066295357 0.7315820953730068 1.3231252387027586
v 0.9723217777722444 0.889886560833292 1.553057079572598
v 0.439029745013862 0.7052184699125001 1.436744767274617
v 0.9273711161565706 0.8635229353727851 1.6666766081444564
v 1.125 3.745149616768968 1.544151609964415
v 1.125 3.745149608703478 1.2316516099644153
v 1.125 3.870149616768968 1.544151606738219
v 1.125 3.870149608703478 1.231651606738219
v 1.25 3.745149616768968 1.544151609964415
v 1.25 3.745149608703478 1.2316516099644153
v 1.25 3.870149616768968 1.544151606738219
v 1.25 3.870149608703478 1.231651606738219
v 0.9912151724267324 3.839524609510027 0.4987917243823665
v 0.7013479691013162 3.839524609510027 0.3787247974778196
v 1.039528955762825 3.839524609510027 0.38215193340281683
v 0.7496617524374087 3.839524609510027 0.2620850064982699
v 0.9912151724267323 3.713274609510027 0.4987917243823665
v 0.7013479691013161 3.713274609510027 0.3787247974778196
v 1.039528955762825 3.713274609510027 0.38215193340281683
v 0.7496617524374087 3.713274609510027 0.2620850064982699
v 1.1712948753822547 3.838899609510027 0.6918493977345226
v 0.9503240062614587 3.838899609510027 0.47087852861372653
v 1.2596832230305732 3.838899609510027 0.6034610500862042
v 1.0387123539097771 3.838899609510027 0.3824901809654081
v 1.1712948753822547 3.713899609510027 0.6918493977345226
v 0.9503240062614587 3.713899609510027 0.47087852861372653
v 1.2596832230305732 3.713899609510027 0.6034610500862042
v 1.0387123539097771 3.713899609510027 0.3824901809654081
v 1.2634486065181618 3.839524609510027 0.9408254348946652
v 1.143381679613615 3.839524609510027 0.650958231569249
v 1.3800883974977114 3.839524609510027 0.8925116515585727
v 1.2600214705931645 3.839524609510027 0.6026444482331565
v 1.2634486065181618 3.713274609510027 0.9408254348946652
v 1.143381679613615 3.713274609510027 0.650958231569249
v 1.3800883974977114 3.713274609510027 0.8925116515585727
v 1.2600214705931645 3.713274609510027 0.6026444482331565
v 0.75 3.838899609510027 0.3879016083513175
v 0.43749999999999994 3.838899609510027 0.38790160835131743
v 0.75 3.838899609510027 0.2629016083513175
v 0.43749999999999994 3.838899609510027 0.26290160835131743
v 0.7499999999999999 3.713899609510027 0.3879016083513175
v 0.4374999999999999 3.713899609510027 0.38790160835131743
v 0.75 3.713899609510027 0.2629016083513175
v 0.43749999999999994 3.713899609510027 0.26290160835131743
v 0.375 0.230104734127772 0.3168493977345226
v 0.375 0.4510756032485681 0.09587852861372653
v 0.375 0.1417163864794535 0.22846105008620418
v 0.375 0.3626872556002496 0.007490180965408072
v 0.1875 0.230104734127772 0.3168493977345226
v 0.1875 0.4510756032485681 0.09587852861372653
v 0.1875 0.1417163864794535 0.22846105008620418
v 0.1875 0.3626872556002496 0.007490180965408072
v 0.375625 0.13795100299186536 0.5658254348946652
v 0.375625 0.25801792989641226 0.27595823156924904
v 0.375625 0.02131121201231534 0.5175116515585727
v 0.375625 0.14137813891686224 0.22764444823315647
v 0.186875 0.13795100299186536 0.5658254348946652
v 0.186875 0.25801792989641226 0.27595823156924904
v 0.186875 0.02131121201231534 0.5175116515585727
v 0.186875 0.14137813891686224 0.22764444823315647
v -0.1875 0.6513996095100272 0.012901608351317484
v -0.1875 5.401399609510027 0.012901608351316436
v -0.1875 0.6513996095100272 -0.11209839164868252
v -0.1875 5.401399609510027 -0.11209839164868357
v -0.375 0.6513996095100272 0.012901608351317484
v -0.375 5.401399609510027 0.012901608351316436
v -0.375 0.6513996095100272 -0.11209839164868252
v -0.375 5.401399609510027 -0.11209839164868357
v -0.186875 0.41018443708329455 0.12379172438236663
v -0.186875 0.7000516404087107 0.0037247974778196885
v -0.186875 0.36187065374720206 0.00715193340281671
v -0.186875 0.6517378570726182 -0.11291499350173022
v -0.375625 0.41018443708329455 0.12379172438236663
v -0.375625 0.7000516404087107 0.0037247974778196885
v -0.375625 0.36187065374720206 0.00715193340281671
v -0.375625 0.6517378570726182 -0.11291499350173022
v -0.1875 0.230104734127772 0.3168493977345226
v -0.1875 0.4510756032485681 0.09587852861372653
v -0.1875 0.1417163864794535 0.22846105008620418
v -0.1875 0.3626872556002496 0.007490180965408072
v -0.375 0.230104734127772 0.3168493977345226
v -0.375 0.4510756032485681 0.09587852861372653
v -0.375 0.1417163864794535 0.22846105008620418
v -0.375 0.3626872556002496 0.007490180965408072
v -0.186875 0.13795100299186536 0.5658254348946652
v -0.186875 0.25801792989641226 0.27595823156924904
v -0.186875 0.02131121201231534 0.5175116515585727
v -0.186875 0.14137813891686224 0.22764444823315647
v -0.375625 0.13795100299186536 0.5658254348946652
v -0.375625 0.25801792989641226 0.27595823156924904
v -0.375625 0.02131121201231534 0.5175116515585727
v -0.375625 0.14137813891686224 0.22764444823315647
vt 0.3828125 0.935546875
vt 0.3828125 0.943359375
vt 0.3046875 0.943359375
vt 0.3046875 0.935546875
vt 0.38671875 0.77734375
vt 0.38671875 0.78515625
vt 0.30859375 0.78515625
vt 0.30859375 0.77734375
vt 0.294921875 0.638671875
vt 0.294921875 0.716796875
vt 0.28515625 0.716796875
vt 0.28515625 0.638671875
vt 0.009765625 0.634765625
vt 0.009765625 0.712890625
vt 0 0.712890625
vt 0 0.634765625
vt 0.18359375 0.52734375
vt 0.18359375 0.53515625
vt 0.173828125 0.53515625
vt 0.173828125 0.52734375
vt 0.08984375 0.525390625
vt 0.08984375 0.533203125
vt 0.080078125 0.533203125
vt 0.080078125 0.525390625
vt 0.494140625 0.626953125
vt 0.494140625 0.630859375
vt 0.3828125 0.630859375
vt 0.3828125 0.626953125
vt 0.49609375 0.935546875
vt 0.49609375 0.939453125
vt 0.384765625 0.939453125
vt 0.384765625 0.935546875
vt 0.111328125 0.888671875
vt 0.111328125 1
vt 0 1
vt 0 0.888671875
vt 0.111328125 0.775390625
vt 0.111328125 0.88671875
vt 0 0.88671875
vt 0 0.775390625
vt 0.50390625 0.703125
vt 0.50390625 0.70703125
vt 0.392578125 0.70703125
vt 0.392578125 0.703125
vt 0.50390625 0.697265625
vt 0.50390625 0.701171875
vt 0.392578125 0.701171875
vt 0.392578125 0.697265625
vt 0.197265625 0.904296875
vt 0.34765625 0.904296875
vt 0.34765625 0.912109375
vt 0.197265625 0.912109375
vt 0.1953125 0.771484375
vt 0.1953125 0.921875
vt 0.1875 0.921875
vt 0.1875 0.771484375
vt 0.509765625 1
vt 0.509765625 0.9921875
vt 0.517578125 0.9921875
vt 0.517578125 1
vt 0.44140625 0.484375
vt 0.44921875 0.484375
vt 0.44921875 0.4921875
vt 0.44140625 0.4921875
vt 0.197265625 0.865234375
vt 0.34765625 0.865234375
vt 0.34765625 0.873046875
vt 0.197265625 0.873046875
vt 0.140625 0.658203125
vt 0.140625 0.80859375
vt 0.1328125 0.80859375
vt 0.1328125 0.658203125
vt 0.197265625 0.884765625
vt 0.34765625 0.884765625
vt 0.34765625 0.892578125
vt 0.197265625 0.892578125
vt 0.17578125 0.771484375
vt 0.17578125 0.921875
vt 0.16796875 0.921875
vt 0.16796875 0.771484375
vt 0.515625 0.63671875
vt 0.5078125 0.63671875
vt 0.5078125 0.62890625
vt 0.515625 0.62890625
vt 0.515625 0.591796875
vt 0.515625 0.599609375
vt 0.5078125 0.599609375
vt 0.5078125 0.591796875
vt 0.130859375 0.658203125
vt 0.130859375 0.80859375
vt 0.123046875 0.80859375
vt 0.123046875 0.658203125
vt 0.197265625 0.875
vt 0.34765625 0.875
vt 0.34765625 0.8828125
vt 0.197265625 0.8828125
vt 0.185546875 0.771484375
vt 0.185546875 0.921875
vt 0.177734375 0.921875
vt 0.177734375 0.771484375
vt 0.197265625 0.9140625
vt 0.34765625 0.9140625
vt 0.34765625 0.921875
vt 0.197265625 0.921875
vt 0.509765625 0.91015625
vt 0.517578125 0.91015625
vt 0.517578125 0.91796875
vt 0.509765625 0.91796875
vt 0.5078125 0.54296875
vt 0.5078125 0.53515625
vt 0.515625 0.53515625
vt 0.515625 0.54296875
vt 0.197265625 0.85546875
vt 0.34765625 0.85546875
vt 0.34765625 0.86328125
vt 0.197265625 0.86328125
vt 0.150390625 0.658203125
vt 0.150390625 0.80859375
vt 0.142578125 0.80859375
vt 0.142578125 0.658203125
vt 0.12109375 0.658203125
vt 0.12109375 0.80859375
vt 0.11328125 0.80859375
vt 0.11328125 0.658203125
vt 0.197265625 0.89453125
vt 0.34765625 0.89453125
vt 0.34765625 0.90234375
vt 0.197265625 0.90234375
vt 0.517578125 0.900390625
vt 0.517578125 0.908203125
vt 0.509765625 0.908203125
vt 0.509765625 0.900390625
vt 0.470703125 0.4921875
vt 0.462890625 0.4921875
vt 0.462890625 0.484375
vt 0.470703125 0.484375
vt 0.16015625 0.658203125
vt 0.16015625 0.80859375
vt 0.15234375 0.80859375
vt 0.15234375 0.658203125
vt 0.197265625 0.845703125
vt 0.34765625 0.845703125
vt 0.34765625 0.853515625
vt 0.197265625 0.853515625
vt 0.390625 0.50390625
vt 0.390625 0.51953125
vt 0.3828125 0.51953125
vt 0.3828125 0.50390625
vt 0.48828125 0.52734375
vt 0.48828125 0.54296875
vt 0.48046875 0.54296875
vt 0.48046875 0.52734375
vt 0.51171875 0.9609375
vt 0.51171875 0.96875
vt 0.50390625 0.96875
vt 0.50390625 0.9609375
vt 0.04296875 0.48828125
vt 0.04296875 0.49609375
vt 0.03515625 0.49609375
vt 0.03515625 0.48828125
vt 0.470703125 0.50390625
vt 0.470703125 0.51953125
vt 0.462890625 0.51953125
vt 0.462890625 0.50390625
vt 0.48046875 0.50390625
vt 0.48046875 0.51953125
vt 0.47265625 0.51953125
vt 0.47265625 0.50390625
vt 0.490234375 0.740234375
vt 0.490234375 0.755859375
vt 0.482421875 0.755859375
vt 0.482421875 0.740234375
vt 0.490234375 0.509765625
vt 0.490234375 0.525390625
vt 0.482421875 0.525390625
vt 0.482421875 0.509765625
vt 0.087890625 0.48828125
vt 0.087890625 0.49609375
vt 0.080078125 0.49609375
vt 0.080078125 0.48828125
vt 0.10546875 0.48828125
vt 0.10546875 0.49609375
vt 0.09765625 0.49609375
vt 0.09765625 0.48828125
vt 0.345703125 0.498046875
vt 0.345703125 0.513671875
vt 0.337890625 0.513671875
vt 0.337890625 0.498046875
vt 0.35546875 0.498046875
vt 0.35546875 0.513671875
vt 0.34765625 0.513671875
vt 0.34765625 0.498046875
vt 0.365234375 0.498046875
vt 0.365234375 0.513671875
vt 0.357421875 0.513671875
vt 0.357421875 0.498046875
vt 0.416015625 0.498046875
vt 0.416015625 0.513671875
vt 0.408203125 0.513671875
vt 0.408203125 0.498046875
vt 0.115234375 0.48828125
vt 0.115234375 0.49609375
vt 0.107421875 0.49609375
vt 0.107421875 0.48828125
vt 0.14453125 0.48828125
vt 0.14453125 0.49609375
vt 0.13671875 0.49609375
vt 0.13671875 0.48828125
vt 0.494140625 0.576171875
vt 0.494140625 0.591796875
vt 0.486328125 0.591796875
vt 0.486328125 0.576171875
vt 0.4609375 0.498046875
vt 0.4609375 0.513671875
vt 0.453125 0.513671875
vt 0.453125 0.498046875
vt 0.49609375 0.90234375
vt 0.49609375 0.91796875
vt 0.48828125 0.91796875
vt 0.48828125 0.90234375
vt 0.49609375 0.884765625
vt 0.49609375 0.900390625
vt 0.48828125 0.900390625
vt 0.48828125 0.884765625
vt 0.154296875 0.48828125
vt 0.154296875 0.49609375
vt 0.146484375 0.49609375
vt 0.146484375 0.48828125
vt 0.51171875 0.833984375
vt 0.51171875 0.841796875
vt 0.50390625 0.841796875
vt 0.50390625 0.833984375
vt 0.181640625 0.49609375
vt 0.181640625 0.51171875
vt 0.173828125 0.51171875
vt 0.173828125 0.49609375
vt 0.40625 0.49609375
vt 0.40625 0.51171875
vt 0.3984375 0.51171875
vt 0.3984375 0.49609375
vt 0.068359375 0.615234375
vt 0.068359375 0.623046875
vt 0.06640625 0.623046875
vt 0.06640625 0.615234375
vt 0.275390625 0.6015625
vt 0.275390625 0.609375
vt 0.2734375 0.609375
vt 0.2734375 0.6015625
vt 0.54296875 0.64453125
vt 0.54296875 0.646484375
vt 0.451171875 0.646484375
vt 0.451171875 0.64453125
vt 0.546875 0.728515625
vt 0.546875 0.73046875
vt 0.455078125 0.73046875
vt 0.455078125 0.728515625
vt 0.392578125 0.806640625
vt 0.392578125 0.814453125
vt 0.30078125 0.814453125
vt 0.30078125 0.806640625
vt 0.392578125 0.796875
vt 0.392578125 0.8046875
vt 0.30078125 0.8046875
vt 0.30078125 0.796875
vt 0.392578125 0.787109375
vt 0.392578125 0.794921875
vt 0.30078125 0.794921875
vt 0.30078125 0.787109375
vt 0.396484375 0.9921875
vt 0.396484375 1
vt 0.3046875 1
vt 0.3046875 0.9921875
vt 0.193359375 0.611328125
vt 0.193359375 0.703125
vt 0.19140625 0.703125
vt 0.19140625 0.611328125
vt 0.166015625 0.484375
vt 0.166015625 0.576171875
vt 0.1640625 0.576171875
vt 0.1640625 0.484375
vt 0.294921875 0.6015625
vt 0.294921875 0.609375
vt 0.29296875 0.609375
vt 0.29296875 0.6015625
vt 0.275390625 0.591796875
vt 0.275390625 0.599609375
vt 0.2734375 0.599609375
vt 0.2734375 0.591796875
vt 0.294921875 0.591796875
vt 0.294921875 0.599609375
vt 0.29296875 0.599609375
vt 0.29296875 0.591796875
vt 0.275390625 0.58203125
vt 0.275390625 0.58984375
vt 0.2734375 0.58984375
vt 0.2734375 0.58203125
vt 0.51171875 0.61328125
vt 0.51171875 0.615234375
vt 0.41796875 0.615234375
vt 0.41796875 0.61328125
vt 0.541015625 0.796875
vt 0.541015625 0.798828125
vt 0.447265625 0.798828125
vt 0.447265625 0.796875
vt 0.33203125 0.92578125
vt 0.33203125 0.93359375
vt 0.23828125 0.93359375
vt 0.23828125 0.92578125
vt 0.373046875 0.8359375
vt 0.373046875 0.84375
vt 0.279296875 0.84375
vt 0.279296875 0.8359375
vt 0.39453125 0.982421875
vt 0.39453125 0.990234375
vt 0.3046875 0.990234375
vt 0.3046875 0.982421875
vt 0.39453125 0.97265625
vt 0.39453125 0.98046875
vt 0.3046875 0.98046875
vt 0.3046875 0.97265625
vt 0.291015625 0.478515625
vt 0.291015625 0.568359375
vt 0.2890625 0.568359375
vt 0.2890625 0.478515625
vt 0.078125 0.4765625
vt 0.078125 0.56640625
vt 0.076171875 0.56640625
vt 0.076171875 0.4765625
vt 0.294921875 0.58203125
vt 0.294921875 0.58984375
vt 0.29296875 0.58984375
vt 0.29296875 0.58203125
vt 0.193359375 0.57421875
vt 0.193359375 0.58203125
vt 0.19140625 0.58203125
vt 0.19140625 0.57421875
vt 0.486328125 0.982421875
vt 0.486328125 0.984375
vt 0.4609375 0.984375
vt 0.4609375 0.982421875
vt 0.50390625 0.65625
vt 0.50390625 0.658203125
vt 0.478515625 0.658203125
vt 0.478515625 0.65625
vt 0.240234375 0.751953125
vt 0.240234375 0.77734375
vt 0.197265625 0.77734375
vt 0.197265625 0.751953125
vt 0.04296875 0.748046875
vt 0.04296875 0.7734375
vt 0 0.7734375
vt 0 0.748046875
vt 0.435546875 0.6640625
vt 0.435546875 0.666015625
vt 0.392578125 0.666015625
vt 0.392578125 0.6640625
vt 0.439453125 0.81640625
vt 0.439453125 0.818359375
vt 0.396484375 0.818359375
vt 0.396484375 0.81640625
vt 0.544921875 0.95703125
vt 0.544921875 0.958984375
vt 0.451171875 0.958984375
vt 0.451171875 0.95703125
vt 0.544921875 0.953125
vt 0.544921875 0.955078125
vt 0.451171875 0.955078125
vt 0.451171875 0.953125
vt 0.138671875 0.90625
vt 0.138671875 1
vt 0.11328125 1
vt 0.11328125 0.90625
vt 0.138671875 0.810546875
vt 0.138671875 0.904296875
vt 0.11328125 0.904296875
vt 0.11328125 0.810546875
vt 0.505859375 0.6171875
vt 0.505859375 0.619140625
vt 0.48046875 0.619140625
vt 0.48046875 0.6171875
vt 0.51953125 0.9765625
vt 0.51953125 0.978515625
vt 0.494140625 0.978515625
vt 0.494140625 0.9765625
vt 0.111328125 0.6640625
vt 0.111328125 0.7734375
vt 0.107421875 0.7734375
vt 0.107421875 0.6640625
vt 0.181640625 0.537109375
vt 0.181640625 0.646484375
vt 0.177734375 0.646484375
vt 0.177734375 0.537109375
vt 0.240234375 0.779296875
vt 0.240234375 0.783203125
vt 0.234375 0.783203125
vt 0.234375 0.779296875
vt 0.50390625 0.478515625
vt 0.50390625 0.482421875
vt 0.498046875 0.482421875
vt 0.498046875 0.478515625
vt 0.087890625 0.603515625
vt 0.087890625 0.712890625
vt 0.08203125 0.712890625
vt 0.08203125 0.603515625
vt 0.095703125 0.603515625
vt 0.095703125 0.712890625
vt 0.08984375 0.712890625
vt 0.08984375 0.603515625
vt 0.490234375 0.765625
vt 0.490234375 0.77734375
vt 0.48046875 0.77734375
vt 0.48046875 0.765625
vt 0.498046875 0.671875
vt 0.498046875 0.68359375
vt 0.48828125 0.68359375
vt 0.48828125 0.671875
vt 0.484375 0.58203125
vt 0.484375 0.591796875
vt 0.478515625 0.591796875
vt 0.478515625 0.58203125
vt 0.162109375 0.486328125
vt 0.162109375 0.49609375
vt 0.15625 0.49609375
vt 0.15625 0.486328125
vt 0.212890625 0.4921875
vt 0.212890625 0.50390625
vt 0.20703125 0.50390625
vt 0.20703125 0.4921875
vt 0.373046875 0.4921875
vt 0.373046875 0.50390625
vt 0.3671875 0.50390625
vt 0.3671875 0.4921875
vt 0.044921875 0.498046875
vt 0.044921875 0.509765625
vt 0.03515625 0.509765625
vt 0.03515625 0.498046875
vt 0.08984375 0.498046875
vt 0.08984375 0.509765625
vt 0.080078125 0.509765625
vt 0.080078125 0.498046875
vt 0.205078125 0.486328125
vt 0.205078125 0.49609375
vt 0.19921875 0.49609375
vt 0.19921875 0.486328125
vt 0.212890625 0.48046875
vt 0.212890625 0.490234375
vt 0.20703125 0.490234375
vt 0.20703125 0.48046875
vt 0.255859375 0.48828125
vt 0.255859375 0.5
vt 0.25 0.5
vt 0.25 0.48828125
vt 0.4296875 0.486328125
vt 0.4296875 0.498046875
vt 0.423828125 0.498046875
vt 0.423828125 0.486328125
vt 0.509765625 0.4765625
vt 0.509765625 0.482421875
vt 0.505859375 0.482421875
vt 0.505859375 0.4765625
vt 0.521484375 0.48828125
vt 0.521484375 0.494140625
vt 0.517578125 0.494140625
vt 0.517578125 0.48828125
vt 0.51171875 0.82421875
vt 0.51171875 0.828125
vt 0.49609375 0.828125
vt 0.49609375 0.82421875
vt 0.51171875 0.578125
vt 0.51171875 0.58203125
vt 0.49609375 0.58203125
vt 0.49609375 0.578125
vt 0.294921875 0.818359375
vt 0.294921875 0.82421875
vt 0.279296875 0.82421875
vt 0.279296875 0.818359375
vt 0.505859375 0.537109375
vt 0.505859375 0.54296875
vt 0.490234375 0.54296875
vt 0.490234375 0.537109375
vt 0.515625 0.4765625
vt 0.515625 0.482421875
vt 0.51171875 0.482421875
vt 0.51171875 0.4765625
vt 0.521484375 0.48046875
vt 0.521484375 0.486328125
vt 0.517578125 0.486328125
vt 0.517578125 0.48046875
vt 0.513671875 0.935546875
vt 0.513671875 0.939453125
vt 0.498046875 0.939453125
vt 0.498046875 0.935546875
vt 0.513671875 0.884765625
vt 0.513671875 0.888671875
vt 0.498046875 0.888671875
vt 0.498046875 0.884765625
vt 0.505859375 0.529296875
vt 0.505859375 0.53515625
vt 0.490234375 0.53515625
vt 0.490234375 0.529296875
vt 0.5078125 0.771484375
vt 0.5078125 0.77734375
vt 0.4921875 0.77734375
vt 0.4921875 0.771484375
vt 0.5234375 0.994140625
vt 0.5234375 1
vt 0.51953125 1
vt 0.51953125 0.994140625
vt 0.0390625 0.474609375
vt 0.0390625 0.48046875
vt 0.03515625 0.48046875
vt 0.03515625 0.474609375
vt 0.517578125 0.7578125
vt 0.517578125 0.76171875
vt 0.501953125 0.76171875
vt 0.501953125 0.7578125
vt 0.517578125 0.638671875
vt 0.517578125 0.642578125
vt 0.501953125 0.642578125
vt 0.501953125 0.638671875
vt 0.5078125 0.763671875
vt 0.5078125 0.76953125
vt 0.4921875 0.76953125
vt 0.4921875 0.763671875
vt 0.5078125 0.75
vt 0.5078125 0.755859375
vt 0.4921875 0.755859375
vt 0.4921875 0.75
vt 0.044921875 0.474609375
vt 0.044921875 0.48046875
vt 0.041015625 0.48046875
vt 0.041015625 0.474609375
vt 0.05078125 0.474609375
vt 0.05078125 0.48046875
vt 0.046875 0.48046875
vt 0.046875 0.474609375
vt 0.51953125 0.791015625
vt 0.51953125 0.794921875
vt 0.50390625 0.794921875
vt 0.50390625 0.791015625
vt 0.2734375 0.4921875
vt 0.2734375 0.49609375
vt 0.2578125 0.49609375
vt 0.2578125 0.4921875
vt 0.5078125 0.7421875
vt 0.5078125 0.748046875
vt 0.4921875 0.748046875
vt 0.4921875 0.7421875
vt 0.5078125 0.521484375
vt 0.5078125 0.52734375
vt 0.4921875 0.52734375
vt 0.4921875 0.521484375
vt 0.5234375 0.916015625
vt 0.5234375 0.921875
vt 0.51953125 0.921875
vt 0.51953125 0.916015625
vt 0.083984375 0.474609375
vt 0.083984375 0.48046875
vt 0.080078125 0.48046875
vt 0.080078125 0.474609375
vt 0.353515625 0.4921875
vt 0.353515625 0.49609375
vt 0.337890625 0.49609375
vt 0.337890625 0.4921875
vt 0.521484375 0.986328125
vt 0.521484375 0.990234375
vt 0.505859375 0.990234375
vt 0.505859375 0.986328125
vt 0.5078125 0.513671875
vt 0.5078125 0.51953125
vt 0.4921875 0.51953125
vt 0.4921875 0.513671875
vt 0.498046875 0.501953125
vt 0.498046875 0.5078125
vt 0.482421875 0.5078125
vt 0.482421875 0.501953125
vt 0.068359375 0.50390625
vt 0.068359375 0.61328125
vt 0.064453125 0.61328125
vt 0.064453125 0.50390625
vt 0.26171875 0.5
vt 0.26171875 0.609375
vt 0.2578125 0.609375
vt 0.2578125 0.5
vt 0.525390625 0.98046875
vt 0.525390625 0.984375
vt 0.51953125 0.984375
vt 0.51953125 0.98046875
vt 0.091796875 0.4765625
vt 0.091796875 0.48046875
vt 0.0859375 0.48046875
vt 0.0859375 0.4765625
vt 0.302734375 0.58203125
vt 0.302734375 0.69140625
vt 0.296875 0.69140625
vt 0.296875 0.58203125
vt 0.310546875 0.58203125
vt 0.310546875 0.69140625
vt 0.3046875 0.69140625
vt 0.3046875 0.58203125
vt 0.525390625 0.671875
vt 0.525390625 0.673828125
vt 0.5 0.673828125
vt 0.5 0.671875
vt 0.529296875 0.830078125
vt 0.529296875 0.83203125
vt 0.50390625 0.83203125
vt 0.50390625 0.830078125
vt 0.087890625 0.748046875
vt 0.087890625 0.7734375
vt 0.044921875 0.7734375
vt 0.044921875 0.748046875
vt 0.27734375 0.818359375
vt 0.27734375 0.84375
vt 0.234375 0.84375
vt 0.234375 0.818359375
vt 0.513671875 0.94140625
vt 0.513671875 0.943359375
vt 0.470703125 0.943359375
vt 0.470703125 0.94140625
vt 0.51953125 0.80078125
vt 0.51953125 0.802734375
vt 0.4765625 0.802734375
vt 0.4765625 0.80078125
vt 0.544921875 0.65234375
vt 0.544921875 0.654296875
vt 0.451171875 0.654296875
vt 0.451171875 0.65234375
vt 0.544921875 0.6484375
vt 0.544921875 0.650390625
vt 0.451171875 0.650390625
vt 0.451171875 0.6484375
vt 0.166015625 0.90625
vt 0.166015625 1
vt 0.140625 1
vt 0.140625 0.90625
vt 0.166015625 0.810546875
vt 0.166015625 0.904296875
vt 0.140625 0.904296875
vt 0.140625 0.810546875
vt 0.533203125 0.587890625
vt 0.533203125 0.58984375
vt 0.5078125 0.58984375
vt 0.5078125 0.587890625
vt 0.533203125 0.583984375
vt 0.533203125 0.5859375
vt 0.5078125 0.5859375
vt 0.5078125 0.583984375
vt 0.3828125 0.9453125
vt 0.3828125 0.951171875
vt 0.375 0.951171875
vt 0.375 0.9453125
vt 0.517578125 0.892578125
vt 0.517578125 0.8984375
vt 0.509765625 0.8984375
vt 0.509765625 0.892578125
vt 0.435546875 0.8203125
vt 0.435546875 0.828125
vt 0.396484375 0.828125
vt 0.396484375 0.8203125
vt 0.4375 0.9921875
vt 0.4375 1
vt 0.3984375 1
vt 0.3984375 0.9921875
vt 0.373046875 0.9453125
vt 0.373046875 0.951171875
vt 0.333984375 0.951171875
vt 0.333984375 0.9453125
vt 0.482421875 0.912109375
vt 0.482421875 0.91796875
vt 0.443359375 0.91796875
vt 0.443359375 0.912109375
vt 0.4921875 0.5625
vt 0.4921875 0.568359375
vt 0.46875 0.568359375
vt 0.46875 0.5625
vt 0.494140625 0.9453125
vt 0.494140625 0.951171875
vt 0.470703125 0.951171875
vt 0.470703125 0.9453125
vt 0.328125 0.5234375
vt 0.328125 0.546875
vt 0.3203125 0.546875
vt 0.3203125 0.5234375
vt 0.337890625 0.5234375
vt 0.337890625 0.546875
vt 0.330078125 0.546875
vt 0.330078125 0.5234375
vt 0.48046875 0.484375
vt 0.48046875 0.490234375
vt 0.47265625 0.490234375
vt 0.47265625 0.484375
vt 0.517578125 0.515625
vt 0.517578125 0.521484375
vt 0.509765625 0.521484375
vt 0.509765625 0.515625
vt 0.490234375 0.484375
vt 0.490234375 0.490234375
vt 0.482421875 0.490234375
vt 0.482421875 0.484375
vt 0.5 0.484375
vt 0.5 0.490234375
vt 0.4921875 0.490234375
vt 0.4921875 0.484375
vt 0.380859375 0.59375
vt 0.380859375 0.6015625
vt 0.341796875 0.6015625
vt 0.341796875 0.59375
vt 0.421875 0.59375
vt 0.421875 0.6015625
vt 0.3828125 0.6015625
vt 0.3828125 0.59375
vt 0.482421875 0.904296875
vt 0.482421875 0.91015625
vt 0.443359375 0.91015625
vt 0.443359375 0.904296875
vt 0.482421875 0.841796875
vt 0.482421875 0.84765625
vt 0.443359375 0.84765625
vt 0.443359375 0.841796875
vt 0.494140625 0.822265625
vt 0.494140625 0.828125
vt 0.470703125 0.828125
vt 0.470703125 0.822265625
vt 0.49609375 0.994140625
vt 0.49609375 1
vt 0.47265625 1
vt 0.47265625 0.994140625
vt 0.22265625 0.521484375
vt 0.22265625 0.544921875
vt 0.21484375 0.544921875
vt 0.21484375 0.521484375
vt 0.232421875 0.521484375
vt 0.232421875 0.544921875
vt 0.224609375 0.544921875
vt 0.224609375 0.521484375
vt 0.517578125 0.49609375
vt 0.517578125 0.501953125
vt 0.509765625 0.501953125
vt 0.509765625 0.49609375
vt 0.509765625 0.484375
vt 0.509765625 0.490234375
vt 0.501953125 0.490234375
vt 0.501953125 0.484375
vt 0.36328125 0.48828125
vt 0.36328125 0.49609375
vt 0.35546875 0.49609375
vt 0.35546875 0.48828125
vt 0.416015625 0.48828125
vt 0.416015625 0.49609375
vt 0.408203125 0.49609375
vt 0.408203125 0.48828125
vt 0.373046875 0.826171875
vt 0.373046875 0.833984375
vt 0.279296875 0.833984375
vt 0.279296875 0.826171875
vt 0.388671875 0.7421875
vt 0.388671875 0.75
vt 0.294921875 0.75
vt 0.294921875 0.7421875
vt 0.388671875 0.732421875
vt 0.388671875 0.740234375
vt 0.294921875 0.740234375
vt 0.294921875 0.732421875
vt 0.388671875 0.72265625
vt 0.388671875 0.73046875
vt 0.294921875 0.73046875
vt 0.294921875 0.72265625
vt 0.38671875 0.767578125
vt 0.38671875 0.775390625
vt 0.30859375 0.775390625
vt 0.30859375 0.767578125
vt 0.38671875 0.7578125
vt 0.38671875 0.765625
vt 0.30859375 0.765625
vt 0.30859375 0.7578125
vt 0.021484375 0.634765625
vt 0.021484375 0.712890625
vt 0.01171875 0.712890625
vt 0.01171875 0.634765625
vt 0.033203125 0.634765625
vt 0.033203125 0.712890625
vt 0.0234375 0.712890625
vt 0.0234375 0.634765625
vt 0.505859375 0.919921875
vt 0.505859375 0.927734375
vt 0.49609375 0.927734375
vt 0.49609375 0.919921875
vt 0.505859375 0.875
vt 0.505859375 0.8828125
vt 0.49609375 0.8828125
vt 0.49609375 0.875
vt 0.439453125 0.48828125
vt 0.439453125 0.49609375
vt 0.431640625 0.49609375
vt 0.431640625 0.48828125
vt 0.4609375 0.48828125
vt 0.4609375 0.49609375
vt 0.453125 0.49609375
vt 0.453125 0.48828125
vt 0.390625 0.712890625
vt 0.390625 0.720703125
vt 0.296875 0.720703125
vt 0.296875 0.712890625
vt 0.390625 0.703125
vt 0.390625 0.7109375
vt 0.296875 0.7109375
vt 0.296875 0.703125
vt 0.390625 0.693359375
vt 0.390625 0.701171875
vt 0.296875 0.701171875
vt 0.296875 0.693359375
vt 0.39453125 0.81640625
vt 0.39453125 0.82421875
vt 0.30078125 0.82421875
vt 0.30078125 0.81640625
vt 0.390625 0.68359375
vt 0.390625 0.69140625
vt 0.3125 0.69140625
vt 0.3125 0.68359375
vt 0.390625 0.673828125
vt 0.390625 0.681640625
vt 0.3125 0.681640625
vt 0.3125 0.673828125
vt 0.044921875 0.634765625
vt 0.044921875 0.712890625
vt 0.03515625 0.712890625
vt 0.03515625 0.634765625
vt 0.056640625 0.634765625
vt 0.056640625 0.712890625
vt 0.046875 0.712890625
vt 0.046875 0.634765625
vt 0.505859375 0.865234375
vt 0.505859375 0.873046875
vt 0.49609375 0.873046875
vt 0.49609375 0.865234375
vt 0.505859375 0.62890625
vt 0.505859375 0.63671875
vt 0.49609375 0.63671875
vt 0.49609375 0.62890625
vt 0.150390625 0.55859375
vt 0.150390625 0.56640625
vt 0.119140625 0.56640625
vt 0.119140625 0.55859375
vt 0.466796875 0.5703125
vt 0.466796875 0.578125
vt 0.435546875 0.578125
vt 0.435546875 0.5703125
vt 0.048828125 0.572265625
vt 0.048828125 0.603515625
vt 0.0390625 0.603515625
vt 0.0390625 0.572265625
vt 0.060546875 0.572265625
vt 0.060546875 0.603515625
vt 0.05078125 0.603515625
vt 0.05078125 0.572265625
vt 0.505859375 0.583984375
vt 0.505859375 0.591796875
vt 0.49609375 0.591796875
vt 0.49609375 0.583984375
vt 0.5078125 0.9921875
vt 0.5078125 1
vt 0.498046875 1
vt 0.498046875 0.9921875
vt 0.068359375 0.494140625
vt 0.068359375 0.501953125
vt 0.05859375 0.501953125
vt 0.05859375 0.494140625
vt 0.5078125 0.91015625
vt 0.5078125 0.91796875
vt 0.498046875 0.91796875
vt 0.498046875 0.91015625
vt 0.36328125 0.61328125
vt 0.36328125 0.623046875
vt 0.3125 0.623046875
vt 0.3125 0.61328125
vt 0.416015625 0.61328125
vt 0.416015625 0.623046875
vt 0.365234375 0.623046875
vt 0.365234375 0.61328125
vt 0.443359375 0.6875
vt 0.443359375 0.6953125
vt 0.392578125 0.6953125
vt 0.392578125 0.6875
vt 0.443359375 0.677734375
vt 0.443359375 0.685546875
vt 0.392578125 0.685546875
vt 0.392578125 0.677734375
vt 0.466796875 0.560546875
vt 0.466796875 0.568359375
vt 0.435546875 0.568359375
vt 0.435546875 0.560546875
vt 0.46875 0.943359375
vt 0.46875 0.951171875
vt 0.4375 0.951171875
vt 0.4375 0.943359375
vt 0.08984375 0.5703125
vt 0.08984375 0.6015625
vt 0.080078125 0.6015625
vt 0.080078125 0.5703125
vt 0.3515625 0.560546875
vt 0.3515625 0.591796875
vt 0.341796875 0.591796875
vt 0.341796875 0.560546875
vt 0.5078125 0.900390625
vt 0.5078125 0.908203125
vt 0.498046875 0.908203125
vt 0.498046875 0.900390625
vt 0.5078125 0.890625
vt 0.5078125 0.8984375
vt 0.498046875 0.8984375
vt 0.498046875 0.890625
vt 0.47265625 0.494140625
vt 0.47265625 0.501953125
vt 0.462890625 0.501953125
vt 0.462890625 0.494140625
vt 0.28515625 0.4921875
vt 0.28515625 0.5
vt 0.275390625 0.5
vt 0.275390625 0.4921875
vt 0.43359375 0.6328125
vt 0.43359375 0.642578125
vt 0.3828125 0.642578125
vt 0.3828125 0.6328125
vt 0.435546875 0.94140625
vt 0.435546875 0.951171875
vt 0.384765625 0.951171875
vt 0.384765625 0.94140625
vt 0.443359375 0.66796875
vt 0.443359375 0.67578125
vt 0.392578125 0.67578125
vt 0.392578125 0.66796875
vt 0.4453125 0.806640625
vt 0.4453125 0.814453125
vt 0.39453125 0.814453125
vt 0.39453125 0.806640625
vt 0.390625 0.6640625
vt 0.390625 0.671875
vt 0.3125 0.671875
vt 0.3125 0.6640625
vt 0.412109375 0.962890625
vt 0.412109375 0.970703125
vt 0.333984375 0.970703125
vt 0.333984375 0.962890625
vt 0.068359375 0.634765625
vt 0.068359375 0.712890625
vt 0.05859375 0.712890625
vt 0.05859375 0.634765625
vt 0.080078125 0.634765625
vt 0.080078125 0.712890625
vt 0.0703125 0.712890625
vt 0.0703125 0.634765625
vt 0.509765625 0.67578125
vt 0.509765625 0.68359375
vt 0.5 0.68359375
vt 0.5 0.67578125
vt 0.392578125 0.4921875
vt 0.392578125 0.5
vt 0.3828125 0.5
vt 0.3828125 0.4921875
vt 0.484375 0.4921875
vt 0.484375 0.5
vt 0.474609375 0.5
vt 0.474609375 0.4921875
vt 0.49609375 0.4921875
vt 0.49609375 0.5
vt 0.486328125 0.5
vt 0.486328125 0.4921875
vt 0.408203125 0.904296875
vt 0.408203125 0.9140625
vt 0.349609375 0.9140625
vt 0.349609375 0.904296875
vt 0.408203125 0.892578125
vt 0.408203125 0.90234375
vt 0.349609375 0.90234375
vt 0.349609375 0.892578125
vt 0.44921875 0.654296875
vt 0.44921875 0.662109375
vt 0.390625 0.662109375
vt 0.390625 0.654296875
vt 0.44921875 0.64453125
vt 0.44921875 0.65234375
vt 0.390625 0.65234375
vt 0.390625 0.64453125
vt 0.509765625 0.50390625
vt 0.509765625 0.51171875
vt 0.5 0.51171875
vt 0.5 0.50390625
vt 0.5078125 0.4921875
vt 0.5078125 0.5
vt 0.498046875 0.5
vt 0.498046875 0.4921875
vt 0.408203125 0.880859375
vt 0.408203125 0.890625
vt 0.349609375 0.890625
vt 0.349609375 0.880859375
vt 0.408203125 0.869140625
vt 0.408203125 0.87890625
vt 0.349609375 0.87890625
vt 0.349609375 0.869140625
vt 0.451171875 0.71875
vt 0.451171875 0.7265625
vt 0.392578125 0.7265625
vt 0.392578125 0.71875
vt 0.451171875 0.708984375
vt 0.451171875 0.716796875
vt 0.392578125 0.716796875
vt 0.392578125 0.708984375
vt 0.478515625 0.478515625
vt 0.486328125 0.478515625
vt 0.486328125 0.482421875
vt 0.478515625 0.482421875
vt 0.521484375 0.591796875
vt 0.521484375 0.599609375
vt 0.517578125 0.599609375
vt 0.517578125 0.591796875
vt 0.423828125 0.603515625
vt 0.423828125 0.599609375
vt 0.4921875 0.599609375
vt 0.4921875 0.603515625
vt 0.376953125 0.51171875
vt 0.380859375 0.51171875
vt 0.380859375 0.580078125
vt 0.376953125 0.580078125
vt 0.138671875 0.578125
vt 0.146484375 0.578125
vt 0.146484375 0.646484375
vt 0.138671875 0.646484375
vt 0.380859375 0.634765625
vt 0.380859375 0.642578125
vt 0.3125 0.642578125
vt 0.3125 0.634765625
vt 0.517578125 0.767578125
vt 0.525390625 0.767578125
vt 0.525390625 0.771484375
vt 0.517578125 0.771484375
vt 0.224609375 0.474609375
vt 0.224609375 0.482421875
vt 0.220703125 0.482421875
vt 0.220703125 0.474609375
vt 0.30859375 0.580078125
vt 0.3046875 0.580078125
vt 0.3046875 0.51171875
vt 0.30859375 0.51171875
vt 0.48828125 0.85546875
vt 0.48828125 0.859375
vt 0.419921875 0.859375
vt 0.419921875 0.85546875
vt 0.068359375 0.625
vt 0.068359375 0.6328125
vt 0 0.6328125
vt 0 0.625
vt 0.1484375 0.578125
vt 0.15625 0.578125
vt 0.15625 0.646484375
vt 0.1484375 0.646484375
vt 0.517578125 0.751953125
vt 0.525390625 0.751953125
vt 0.525390625 0.755859375
vt 0.517578125 0.755859375
vt 0.521484375 0.52734375
vt 0.521484375 0.53515625
vt 0.517578125 0.53515625
vt 0.517578125 0.52734375
vt 0.435546875 0.642578125
vt 0.435546875 0.638671875
vt 0.5 0.638671875
vt 0.5 0.642578125
vt 0.283203125 0.50390625
vt 0.287109375 0.50390625
vt 0.287109375 0.568359375
vt 0.283203125 0.568359375
vt 0.0703125 0.568359375
vt 0.078125 0.568359375
vt 0.078125 0.6328125
vt 0.0703125 0.6328125
vt 0.064453125 0.615234375
vt 0.064453125 0.623046875
vt 0 0.623046875
vt 0 0.615234375
vt 0.517578125 0.7734375
vt 0.525390625 0.7734375
vt 0.525390625 0.77734375
vt 0.517578125 0.77734375
vt 0.302734375 0.474609375
vt 0.302734375 0.482421875
vt 0.298828125 0.482421875
vt 0.298828125 0.474609375
vt 0.302734375 0.580078125
vt 0.298828125 0.580078125
vt 0.298828125 0.51171875
vt 0.302734375 0.51171875
vt 0.48828125 0.849609375
vt 0.48828125 0.853515625
vt 0.419921875 0.853515625
vt 0.419921875 0.849609375
vt 0.380859375 0.625
vt 0.380859375 0.6328125
vt 0.3125 0.6328125
vt 0.3125 0.625
vt 0.158203125 0.578125
vt 0.166015625 0.578125
vt 0.166015625 0.646484375
vt 0.158203125 0.646484375
vt 0.517578125 0.865234375
vt 0.525390625 0.865234375
vt 0.525390625 0.869140625
vt 0.517578125 0.869140625
vt 0.033203125 0.474609375
vt 0.033203125 0.482421875
vt 0.029296875 0.482421875
vt 0.029296875 0.474609375
vt 0.419921875 0.865234375
vt 0.419921875 0.861328125
vt 0.48828125 0.861328125
vt 0.48828125 0.865234375
vt 0.29296875 0.51171875
vt 0.296875 0.51171875
vt 0.296875 0.580078125
vt 0.29296875 0.580078125
vt 0.119140625 0.578125
vt 0.126953125 0.578125
vt 0.126953125 0.646484375
vt 0.119140625 0.646484375
vt 0.41796875 0.859375
vt 0.41796875 0.8671875
vt 0.349609375 0.8671875
vt 0.349609375 0.859375
vt 0.515625 0.705078125
vt 0.5234375 0.705078125
vt 0.5234375 0.708984375
vt 0.515625 0.708984375
vt 0.314453125 0.4765625
vt 0.314453125 0.484375
vt 0.310546875 0.484375
vt 0.310546875 0.4765625
vt 0.02734375 0.587890625
vt 0.0234375 0.587890625
vt 0.0234375 0.51953125
vt 0.02734375 0.51953125
vt 0.48828125 0.8671875
vt 0.48828125 0.87109375
vt 0.419921875 0.87109375
vt 0.419921875 0.8671875
vt 0.41796875 0.849609375
vt 0.41796875 0.857421875
vt 0.349609375 0.857421875
vt 0.349609375 0.849609375
vt 0.12890625 0.578125
vt 0.13671875 0.578125
vt 0.13671875 0.646484375
vt 0.12890625 0.646484375
vt 0.515625 0.69921875
vt 0.5234375 0.69921875
vt 0.5234375 0.703125
vt 0.515625 0.703125
vt 0.21875 0.474609375
vt 0.21875 0.482421875
vt 0.21484375 0.482421875
vt 0.21484375 0.474609375
vt 0.427734375 0.923828125
vt 0.427734375 0.919921875
vt 0.494140625 0.919921875
vt 0.494140625 0.923828125
vt 0.05859375 0.50390625
vt 0.0625 0.50390625
vt 0.0625 0.5703125
vt 0.05859375 0.5703125
vt 0.283203125 0.5703125
vt 0.291015625 0.5703125
vt 0.291015625 0.63671875
vt 0.283203125 0.63671875
vt 0.44140625 0.830078125
vt 0.44140625 0.837890625
vt 0.375 0.837890625
vt 0.375 0.830078125
vt 0.515625 0.72265625
vt 0.5234375 0.72265625
vt 0.5234375 0.7265625
vt 0.515625 0.7265625
vt 0.2421875 0.4765625
vt 0.2421875 0.484375
vt 0.23828125 0.484375
vt 0.23828125 0.4765625
vt 0.40625 0.580078125
vt 0.40234375 0.580078125
vt 0.40234375 0.513671875
vt 0.40625 0.513671875
vt 0.4921875 0.9765625
vt 0.4921875 0.98046875
vt 0.42578125 0.98046875
vt 0.42578125 0.9765625
vt 0.44140625 0.83984375
vt 0.44140625 0.84765625
vt 0.375 0.84765625
vt 0.375 0.83984375
vt 0.16796875 0.580078125
vt 0.17578125 0.580078125
vt 0.17578125 0.646484375
vt 0.16796875 0.646484375
vt 0.515625 0.859375
vt 0.5234375 0.859375
vt 0.5234375 0.86328125
vt 0.515625 0.86328125
vt 0.130859375 0.4765625
vt 0.130859375 0.484375
vt 0.126953125 0.484375
vt 0.126953125 0.4765625
vt 0.451171875 0.96484375
vt 0.451171875 0.9609375
vt 0.501953125 0.9609375
vt 0.501953125 0.96484375
vt 0.201171875 0.498046875
vt 0.205078125 0.498046875
vt 0.205078125 0.548828125
vt 0.201171875 0.548828125
vt 0.263671875 0.55859375
vt 0.271484375 0.55859375
vt 0.271484375 0.609375
vt 0.263671875 0.609375
vt 0.4453125 0.796875
vt 0.4453125 0.8046875
vt 0.39453125 0.8046875
vt 0.39453125 0.796875
vt 0.16796875 0.48046875
vt 0.17578125 0.48046875
vt 0.17578125 0.484375
vt 0.16796875 0.484375
vt 0.158203125 0.4765625
vt 0.158203125 0.484375
vt 0.154296875 0.484375
vt 0.154296875 0.4765625
vt 0.248046875 0.544921875
vt 0.244140625 0.544921875
vt 0.244140625 0.498046875
vt 0.248046875 0.498046875
vt 0.5 0.7578125
vt 0.5 0.76171875
vt 0.453125 0.76171875
vt 0.453125 0.7578125
vt 0.44140625 0.787109375
vt 0.44140625 0.794921875
vt 0.39453125 0.794921875
vt 0.39453125 0.787109375
vt 0.029296875 0.556640625
vt 0.037109375 0.556640625
vt 0.037109375 0.603515625
vt 0.029296875 0.603515625
vt 0.517578125 0.66015625
vt 0.525390625 0.66015625
vt 0.525390625 0.6640625
vt 0.517578125 0.6640625
vt 0.44140625 0.474609375
vt 0.44140625 0.482421875
vt 0.4375 0.482421875
vt 0.4375 0.474609375
vt 0.41015625 0.88671875
vt 0.41015625 0.882812493452154
vt 0.486328125 0.8828104933090223
vt 0.486328125 0.8867167753451068
vt 0.016602559297642778 0.51171875
vt 0.020508815845488856 0.51171875
vt 0.02050684119059575 0.587890625
vt 0.016600559154511144 0.587890625
vt 0.2578125 0.611328125
vt 0.265625 0.611328125
vt 0.265625 0.6875
vt 0.2578125 0.6875
vt 0.388671875 0.64453125
vt 0.388671875 0.65234375
vt 0.3125 0.65234375
vt 0.3125 0.64453125
vt 0.46875 0.478515625
vt 0.4765625 0.478515625
vt 0.4765625 0.482421875
vt 0.46875 0.482421875
vt 0.521484375 0.537109375
vt 0.521484375 0.544921875
vt 0.517578125 0.544921875
vt 0.517578125 0.537109375
vt 0.012694218881230457 0.587890625
vt 0.008787962333384379 0.587890625
vt 0.008790130630531016 0.51171875
vt 0.012696412666615621 0.51171875
vt 0.486328125 0.888671875
vt 0.486328125 0.892578131547846
vt 0.41015625 0.8925803253332312
vt 0.41015625 0.8886740432971466
vt 0.42578125 0.916015625
vt 0.42578125 0.923828125
vt 0.349609375 0.923828125
vt 0.349609375 0.916015625
vt 0.267578125 0.611328125
vt 0.275390625 0.611328125
vt 0.275390625 0.6875
vt 0.267578125 0.6875
vt 0.373046875 0.48046875
vt 0.380859375 0.48046875
vt 0.380859375 0.484375
vt 0.373046875 0.484375
vt 0.521484375 0.87109375
vt 0.521484375 0.87890625
vt 0.517578125 0.87890625
vt 0.517578125 0.87109375
vt 0.30859375 0.755859375
vt 0.30859375 0.751953125
vt 0.384765625 0.751953125
vt 0.384765625 0.755859375
vt 0.091796875 0.525390625
vt 0.095703125 0.525390625
vt 0.095703125 0.6015625
vt 0.091796875 0.6015625
vt 0.228515625 0.611328125
vt 0.236328125 0.611328125
vt 0.236328125 0.6875
vt 0.228515625 0.6875
vt 0.41015625 0.953125
vt 0.41015625 0.9609375
vt 0.333984375 0.9609375
vt 0.333984375 0.953125
vt 0.517578125 0.853515625
vt 0.525390625 0.853515625
vt 0.525390625 0.857421875
vt 0.517578125 0.857421875
vt 0.1640625 0.474609375
vt 0.1640625 0.482421875
vt 0.16015625 0.482421875
vt 0.16015625 0.474609375
vt 0.41503796888123046 0.591796875
vt 0.41113171233338436 0.591796875
vt 0.411133880630531 0.515625
vt 0.41504016266661564 0.515625
vt 0.486328125 0.896484375
vt 0.486328125 0.900390631547846
vt 0.41015625 0.9003928253332312
vt 0.41015625 0.8964865432971466
vt 0.388671875 0.654296875
vt 0.388671875 0.662109375
vt 0.3125 0.662109375
vt 0.3125 0.654296875
vt 0.23828125 0.611328125
vt 0.24609375 0.611328125
vt 0.24609375 0.6875
vt 0.23828125 0.6875
vt 0.390625 0.48046875
vt 0.3984375 0.48046875
vt 0.3984375 0.484375
vt 0.390625 0.484375
vt 0.1875 0.474609375
vt 0.1875 0.482421875
vt 0.18359375 0.482421875
vt 0.18359375 0.474609375
vt 0.41015625 0.87890625
vt 0.41015625 0.874999993452154
vt 0.486328125 0.8749979933090224
vt 0.486328125 0.878904275345107
vt 0.41894630929764276 0.515625
vt 0.4228525658454888 0.515625
vt 0.42285059119059576 0.591796875
vt 0.4189443091545112 0.591796875
vt 0.248046875 0.611328125
vt 0.255859375 0.611328125
vt 0.255859375 0.6875
vt 0.248046875 0.6875
vt 0.18359375 0.6484375
vt 0.18359375 0.65625
vt 0.107421875 0.65625
vt 0.107421875 0.6484375
vt 0.517578125 0.880859375
vt 0.525390625 0.880859375
vt 0.525390625 0.884765625
vt 0.517578125 0.884765625
vt 0.193359375 0.474609375
vt 0.193359375 0.482421875
vt 0.189453125 0.482421875
vt 0.189453125 0.474609375
vt 0.004881718881230453 0.587890625
vt 0.000975462333384379 0.587890625
vt 0.00097763063053102 0.51171875
vt 0.004883912666615621 0.51171875
vt 0.482421875 0.60546875
vt 0.482421875 0.609375006547846
vt 0.40625 0.6093772003332312
vt 0.40625 0.6054709182971466
vt 0.41015625 0.92578125
vt 0.41015625 0.93359375
vt 0.333984375 0.93359375
vt 0.333984375 0.92578125
vt 0.21875 0.611328125
vt 0.2265625 0.611328125
vt 0.2265625 0.6875
vt 0.21875 0.6875
vt 0.517578125 0.626953125
vt 0.525390625 0.626953125
vt 0.525390625 0.630859375
vt 0.517578125 0.630859375
vt 0.296875 0.474609375
vt 0.296875 0.482421875
vt 0.29296875 0.482421875
vt 0.29296875 0.474609375
vt 0.486328125 0.57421875
vt 0.486328125 0.5703125
vt 0.51171875 0.5703125
vt 0.51171875 0.57421875
vt 0.29296875 0.484375
vt 0.296875 0.484375
vt 0.296875 0.509765625
vt 0.29296875 0.509765625
vt 0.453125 0.763671875
vt 0.4609375 0.763671875
vt 0.4609375 0.7890625
vt 0.453125 0.7890625
vt 0.4765625 0.92578125
vt 0.4765625 0.93359375
vt 0.451171875 0.93359375
vt 0.451171875 0.92578125
vt 0.517578125 0.74609375
vt 0.525390625 0.74609375
vt 0.525390625 0.75
vt 0.517578125 0.75
vt 0.447265625 0.474609375
vt 0.447265625 0.482421875
vt 0.443359375 0.482421875
vt 0.443359375 0.474609375
vt 0.380859375 0.509765625
vt 0.376953125 0.509765625
vt 0.376953125 0.486328125
vt 0.380859375 0.486328125
vt 0.517578125 0.564453125
vt 0.517578125 0.568359375
vt 0.494140625 0.568359375
vt 0.494140625 0.564453125
vt 0.478515625 0.6171875
vt 0.478515625 0.625
vt 0.455078125 0.625
vt 0.455078125 0.6171875
vt 0.455078125 0.732421875
vt 0.462890625 0.732421875
vt 0.462890625 0.755859375
vt 0.455078125 0.755859375
vt 0.05859375 0.478515625
vt 0.06640625 0.478515625
vt 0.06640625 0.482421875
vt 0.05859375 0.482421875
vt 0.330078125 0.4765625
vt 0.330078125 0.484375
vt 0.326171875 0.484375
vt 0.326171875 0.4765625
vt 0.478515625 0.6640625
vt 0.478515625 0.66015625
vt 0.505859375 0.66015625
vt 0.505859375 0.6640625
vt 0.091796875 0.482421875
vt 0.095703125 0.482421875
vt 0.095703125 0.509765625
vt 0.091796875 0.509765625
vt 0.447265625 0.53125
vt 0.455078125 0.53125
vt 0.455078125 0.55859375
vt 0.447265625 0.55859375
vt 0.474609375 0.810546875
vt 0.474609375 0.818359375
vt 0.447265625 0.818359375
vt 0.447265625 0.810546875
vt 0.515625 0.693359375
vt 0.5234375 0.693359375
vt 0.5234375 0.697265625
vt 0.515625 0.697265625
vt 0.30859375 0.4765625
vt 0.30859375 0.484375
vt 0.3046875 0.484375
vt 0.3046875 0.4765625
vt 0.30859375 0.509765625
vt 0.3046875 0.509765625
vt 0.3046875 0.486328125
vt 0.30859375 0.486328125
vt 0.517578125 0.98046875
vt 0.517578125 0.984375
vt 0.494140625 0.984375
vt 0.494140625 0.98046875
vt 0.4765625 0.71875
vt 0.4765625 0.7265625
vt 0.453125 0.7265625
vt 0.453125 0.71875
vt 0.234375 0.521484375
vt 0.2421875 0.521484375
vt 0.2421875 0.544921875
vt 0.234375 0.544921875
vt 0.517578125 0.923828125
vt 0.525390625 0.923828125
vt 0.525390625 0.927734375
vt 0.517578125 0.927734375
vt 0.427734375 0.4765625
vt 0.427734375 0.484375
vt 0.423828125 0.484375
vt 0.423828125 0.4765625
vt 0.484375 0.611328125
vt 0.484375 0.607421875
vt 0.509765625 0.607421875
vt 0.509765625 0.611328125
vt 0.490234375 0.857421875
vt 0.494140625 0.857421875
vt 0.494140625 0.8828125
vt 0.490234375 0.8828125
vt 0.08984375 0.748046875
vt 0.09765625 0.748046875
vt 0.09765625 0.7734375
vt 0.08984375 0.7734375
vt 0.4765625 0.966796875
vt 0.4765625 0.974609375
vt 0.451171875 0.974609375
vt 0.451171875 0.966796875
vt 0.31640625 0.48046875
vt 0.32421875 0.48046875
vt 0.32421875 0.484375
vt 0.31640625 0.484375
vt 0.3359375 0.4765625
vt 0.3359375 0.484375
vt 0.33203125 0.484375
vt 0.33203125 0.4765625
vt 0.05078125 0.509765625
vt 0.046875 0.509765625
vt 0.046875 0.482421875
vt 0.05078125 0.482421875
vt 0.5078125 0.62109375
vt 0.5078125 0.625
vt 0.48046875 0.625
vt 0.48046875 0.62109375
vt 0.474609375 0.80078125
vt 0.474609375 0.80859375
vt 0.447265625 0.80859375
vt 0.447265625 0.80078125
vt 0.19140625 0.521484375
vt 0.19921875 0.521484375
vt 0.19921875 0.548828125
vt 0.19140625 0.548828125
vt 0.517578125 0.6328125
vt 0.525390625 0.6328125
vt 0.525390625 0.63671875
vt 0.517578125 0.63671875
vt 0.521484375 0.6171875
vt 0.521484375 0.625
vt 0.517578125 0.625
vt 0.517578125 0.6171875
vt 0.494140625 0.60546875
vt 0.494140625 0.6015625
vt 0.517578125 0.6015625
vt 0.517578125 0.60546875
vt 0.0703125 0.48046875
vt 0.07421875 0.48046875
vt 0.07421875 0.50390625
vt 0.0703125 0.50390625
vt 0.3828125 0.521484375
vt 0.390625 0.521484375
vt 0.390625 0.544921875
vt 0.3828125 0.544921875
vt 0.4765625 0.708984375
vt 0.4765625 0.716796875
vt 0.453125 0.716796875
vt 0.453125 0.708984375
vt 0.48828125 0.478515625
vt 0.49609375 0.478515625
vt 0.49609375 0.482421875
vt 0.48828125 0.482421875
vt 0.466796875 0.474609375
vt 0.466796875 0.482421875
vt 0.462890625 0.482421875
vt 0.462890625 0.474609375
vt 0.302734375 0.509765625
vt 0.298828125 0.509765625
vt 0.298828125 0.484375
vt 0.302734375 0.484375
vt 0.515625 0.8515625
vt 0.515625 0.85546875
vt 0.490234375 0.85546875
vt 0.490234375 0.8515625
vt 0.4765625 0.65625
vt 0.4765625 0.6640625
vt 0.451171875 0.6640625
vt 0.451171875 0.65625
vt 0.310546875 0.521484375
vt 0.318359375 0.521484375
vt 0.318359375 0.546875
vt 0.310546875 0.546875
vt 0.232421875 0.8125
vt 0.232421875 0.84375
vt 0.197265625 0.84375
vt 0.197265625 0.8125
vt 0.232421875 0.779296875
vt 0.232421875 0.810546875
vt 0.197265625 0.810546875
vt 0.197265625 0.779296875
vt 0.236328125 0.96484375
vt 0.236328125 1
vt 0.205078125 1
vt 0.205078125 0.96484375
vt 0.236328125 0.927734375
vt 0.236328125 0.962890625
vt 0.205078125 0.962890625
vt 0.205078125 0.927734375
vt 0.193359375 0.73828125
vt 0.193359375 0.76953125
vt 0.162109375 0.76953125
vt 0.162109375 0.73828125
vt 0.265625 0.78515625
vt 0.265625 0.81640625
vt 0.234375 0.81640625
vt 0.234375 0.78515625
vt 0.294921875 0.611328125
vt 0.294921875 0.63671875
vt 0.29296875 0.63671875
vt 0.29296875 0.611328125
vt 0.193359375 0.583984375
vt 0.193359375 0.609375
vt 0.19140625 0.609375
vt 0.19140625 0.583984375
vt 0.232421875 0.923828125
vt 0.232421875 0.92578125
vt 0.205078125 0.92578125
vt 0.205078125 0.923828125
vt 0.44140625 0.962890625
vt 0.44140625 0.96484375
vt 0.4140625 0.96484375
vt 0.4140625 0.962890625
vt 0.189453125 0.677734375
vt 0.189453125 0.703125
vt 0.162109375 0.703125
vt 0.162109375 0.677734375
vt 0.33203125 0.9453125
vt 0.33203125 0.970703125
vt 0.3046875 0.970703125
vt 0.3046875 0.9453125
vt 0.51953125 0.685546875
vt 0.51953125 0.689453125
vt 0.505859375 0.689453125
vt 0.505859375 0.685546875
vt 0.244140625 0.482421875
vt 0.248046875 0.482421875
vt 0.248046875 0.49609375
vt 0.244140625 0.49609375
vt 0.423828125 0.9765625
vt 0.423828125 0.990234375
vt 0.396484375 0.990234375
vt 0.396484375 0.9765625
vt 0 0.603515625
vt 0 0.58984375
vt 0.02734375 0.58984375
vt 0.02734375 0.603515625
vt 0.51171875 0.84375
vt 0.51171875 0.84765625
vt 0.484375 0.84765625
vt 0.484375 0.84375
vt 0.509765625 0.734375
vt 0.509765625 0.73828125
vt 0.482421875 0.73828125
vt 0.482421875 0.734375
vt 0.3828125 0.546875
vt 0.390625 0.546875
vt 0.390625 0.580078125
vt 0.3828125 0.580078125
vt 0.15234375 0.568359375
vt 0.15234375 0.576171875
vt 0.119140625 0.576171875
vt 0.119140625 0.568359375
vt 0.42578125 0.578125
vt 0.42578125 0.544921875
vt 0.43359375 0.544921875
vt 0.43359375 0.578125
vt 0.046875 0.537109375
vt 0.046875 0.5703125
vt 0.0390625 0.5703125
vt 0.0390625 0.537109375
vt 0.515625 0.919921875
vt 0.515625 0.927734375
vt 0.5078125 0.927734375
vt 0.5078125 0.919921875
vt 0.515625 0.875
vt 0.515625 0.8828125
vt 0.5078125 0.8828125
vt 0.5078125 0.875
vt 0.458984375 0.982421875
vt 0.458984375 0.990234375
vt 0.42578125 0.990234375
vt 0.42578125 0.982421875
vt 0.392578125 0.546875
vt 0.400390625 0.546875
vt 0.400390625 0.580078125
vt 0.392578125 0.580078125
vt 0.23046875 0.486328125
vt 0.23046875 0.51953125
vt 0.2265625 0.51953125
vt 0.2265625 0.486328125
vt 0.23828125 0.51953125
vt 0.23828125 0.486328125
vt 0.2421875 0.486328125
vt 0.2421875 0.51953125
vt 0.23046875 0.4765625
vt 0.23046875 0.484375
vt 0.2265625 0.484375
vt 0.2265625 0.4765625
vt 0.181640625 0.4765625
vt 0.181640625 0.484375
vt 0.177734375 0.484375
vt 0.177734375 0.4765625
vt 0.458984375 0.58984375
vt 0.458984375 0.59765625
vt 0.42578125 0.59765625
vt 0.42578125 0.58984375
vt 0.16796875 0.544921875
vt 0.17578125 0.544921875
vt 0.17578125 0.578125
vt 0.16796875 0.578125
vt 0.236328125 0.486328125
vt 0.236328125 0.51953125
vt 0.232421875 0.51953125
vt 0.232421875 0.486328125
vt 0.310546875 0.51953125
vt 0.310546875 0.486328125
vt 0.314453125 0.486328125
vt 0.314453125 0.51953125
vt 0.236328125 0.4765625
vt 0.236328125 0.484375
vt 0.232421875 0.484375
vt 0.232421875 0.4765625
vt 0.203125 0.4765625
vt 0.203125 0.484375
vt 0.19921875 0.484375
vt 0.19921875 0.4765625
vt 0.44921875 0.953125
vt 0.44921875 0.9609375
vt 0.412109375 0.9609375
vt 0.412109375 0.953125
vt 0.44921875 0.92578125
vt 0.44921875 0.93359375
vt 0.412109375 0.93359375
vt 0.412109375 0.92578125
vt 0.203125 0.962890625
vt 0.203125 1
vt 0.16796875 1
vt 0.16796875 0.962890625
vt 0.203125 0.923828125
vt 0.203125 0.9609375
vt 0.16796875 0.9609375
vt 0.16796875 0.923828125
vt 0.44921875 0.966796875
vt 0.44921875 0.974609375
vt 0.4140625 0.974609375
vt 0.4140625 0.966796875
vt 0.453125 0.6171875
vt 0.453125 0.625
vt 0.41796875 0.625
vt 0.41796875 0.6171875
vt 0.154296875 0.54296875
vt 0.162109375 0.54296875
vt 0.162109375 0.576171875
vt 0.154296875 0.576171875
vt 0.458984375 0.580078125
vt 0.458984375 0.587890625
vt 0.42578125 0.587890625
vt 0.42578125 0.580078125
vt 0.048828125 0.5703125
vt 0.048828125 0.537109375
vt 0.056640625 0.537109375
vt 0.056640625 0.5703125
vt 0.087890625 0.53515625
vt 0.087890625 0.568359375
vt 0.080078125 0.568359375
vt 0.080078125 0.53515625
vt 0.515625 0.865234375
vt 0.515625 0.873046875
vt 0.5078125 0.873046875
vt 0.5078125 0.865234375
vt 0.515625 0.65625
vt 0.515625 0.6640625
vt 0.5078125 0.6640625
vt 0.5078125 0.65625
vt 0.47265625 0.67578125
vt 0.47265625 0.68359375
vt 0.4453125 0.68359375
vt 0.4453125 0.67578125
vt 0.47265625 0.666015625
vt 0.47265625 0.673828125
vt 0.4453125 0.673828125
vt 0.4453125 0.666015625
vt 0.25 0.689453125
vt 0.25 0.716796875
vt 0.21875 0.716796875
vt 0.21875 0.689453125
vt 0.283203125 0.689453125
vt 0.283203125 0.716796875
vt 0.251953125 0.716796875
vt 0.251953125 0.689453125
vt 0.46875 0.8203125
vt 0.46875 0.828125
vt 0.4375 0.828125
vt 0.4375 0.8203125
vt 0.470703125 0.9921875
vt 0.470703125 1
vt 0.439453125 1
vt 0.439453125 0.9921875
vt 0.0625 0.60546875
vt 0.0625 0.61328125
vt 0 0.61328125
vt 0 0.60546875
vt 0.451171875 0.77734375
vt 0.451171875 0.78515625
vt 0.388671875 0.78515625
vt 0.388671875 0.77734375
vt 0.10546875 0.560546875
vt 0.10546875 0.623046875
vt 0.09765625 0.623046875
vt 0.09765625 0.560546875
vt 0.3203125 0.548828125
vt 0.3203125 0.611328125
vt 0.3125 0.611328125
vt 0.3125 0.548828125
vt 0.125 0.486328125
vt 0.125 0.494140625
vt 0.1171875 0.494140625
vt 0.1171875 0.486328125
vt 0.134765625 0.486328125
vt 0.134765625 0.494140625
vt 0.126953125 0.494140625
vt 0.126953125 0.486328125
vt 0.451171875 0.767578125
vt 0.451171875 0.775390625
vt 0.388671875 0.775390625
vt 0.388671875 0.767578125
vt 0.451171875 0.7578125
vt 0.451171875 0.765625
vt 0.388671875 0.765625
vt 0.388671875 0.7578125
vt 0.330078125 0.548828125
vt 0.330078125 0.611328125
vt 0.322265625 0.611328125
vt 0.322265625 0.548828125
vt 0.33984375 0.548828125
vt 0.33984375 0.611328125
vt 0.33203125 0.611328125
vt 0.33203125 0.548828125
vt 0.17578125 0.486328125
vt 0.17578125 0.494140625
vt 0.16796875 0.494140625
vt 0.16796875 0.486328125
vt 0.185546875 0.486328125
vt 0.185546875 0.494140625
vt 0.177734375 0.494140625
vt 0.177734375 0.486328125
vt 0.404296875 0.603515625
vt 0.404296875 0.611328125
vt 0.341796875 0.611328125
vt 0.341796875 0.603515625
vt 0.453125 0.748046875
vt 0.453125 0.755859375
vt 0.390625 0.755859375
vt 0.390625 0.748046875
vt 0.2265625 0.546875
vt 0.2265625 0.609375
vt 0.21875 0.609375
vt 0.21875 0.546875
vt 0.236328125 0.546875
vt 0.236328125 0.609375
vt 0.228515625 0.609375
vt 0.228515625 0.546875
vt 0.513671875 0.701171875
vt 0.513671875 0.708984375
vt 0.505859375 0.708984375
vt 0.505859375 0.701171875
vt 0.513671875 0.69140625
vt 0.513671875 0.69921875
vt 0.505859375 0.69921875
vt 0.505859375 0.69140625
vt 0.453125 0.73828125
vt 0.453125 0.74609375
vt 0.390625 0.74609375
vt 0.390625 0.73828125
vt 0.453125 0.728515625
vt 0.453125 0.736328125
vt 0.390625 0.736328125
vt 0.390625 0.728515625
vt 0.24609375 0.546875
vt 0.24609375 0.609375
vt 0.23828125 0.609375
vt 0.23828125 0.546875
vt 0.255859375 0.546875
vt 0.255859375 0.609375
vt 0.248046875 0.609375
vt 0.248046875 0.546875
vt 0.40234375 0.486328125
vt 0.40234375 0.494140625
vt 0.39453125 0.494140625
vt 0.39453125 0.486328125
vt 0.06640625 0.484375
vt 0.06640625 0.4921875
vt 0.05859375 0.4921875
vt 0.05859375 0.484375
vt 0.353515625 0.529296875
vt 0.353515625 0.541015625
vt 0.33984375 0.541015625
vt 0.33984375 0.529296875
vt 0.369140625 0.529296875
vt 0.369140625 0.541015625
vt 0.35546875 0.541015625
vt 0.35546875 0.529296875
vt 0.474609375 0.775390625
vt 0.474609375 0.7890625
vt 0.462890625 0.7890625
vt 0.462890625 0.775390625
vt 0.474609375 0.544921875
vt 0.474609375 0.55859375
vt 0.462890625 0.55859375
vt 0.462890625 0.544921875
vt 0.3515625 0.515625
vt 0.3515625 0.52734375
vt 0.33984375 0.52734375
vt 0.33984375 0.515625
vt 0.365234375 0.515625
vt 0.365234375 0.52734375
vt 0.353515625 0.52734375
vt 0.353515625 0.515625
vt 0.36328125 0.560546875
vt 0.36328125 0.591796875
vt 0.353515625 0.591796875
vt 0.353515625 0.560546875
vt 0.375 0.560546875
vt 0.375 0.591796875
vt 0.365234375 0.591796875
vt 0.365234375 0.560546875
vt 0.408203125 0.58203125
vt 0.408203125 0.591796875
vt 0.376953125 0.591796875
vt 0.376953125 0.58203125
vt 0.44140625 0.904296875
vt 0.44140625 0.9140625
vt 0.41015625 0.9140625
vt 0.41015625 0.904296875
vt 0.26953125 0.96875
vt 0.26953125 1
vt 0.23828125 1
vt 0.23828125 0.96875
vt 0.26953125 0.935546875
vt 0.26953125 0.966796875
vt 0.23828125 0.966796875
vt 0.23828125 0.935546875
vt 0.2734375 0.751953125
vt 0.2734375 0.783203125
vt 0.2421875 0.783203125
vt 0.2421875 0.751953125
vt 0.2265625 0.71875
vt 0.2265625 0.75
vt 0.1953125 0.75
vt 0.1953125 0.71875
vt 0.259765625 0.71875
vt 0.259765625 0.75
vt 0.228515625 0.75
vt 0.228515625 0.71875
vt 0.03125 0.71484375
vt 0.03125 0.74609375
vt 0 0.74609375
vt 0 0.71484375
vt 0.064453125 0.71484375
vt 0.064453125 0.74609375
vt 0.033203125 0.74609375
vt 0.033203125 0.71484375
vt 0.09765625 0.71484375
vt 0.09765625 0.74609375
vt 0.06640625 0.74609375
vt 0.06640625 0.71484375
vt 0.29296875 0.71875
vt 0.29296875 0.75
vt 0.26171875 0.75
vt 0.26171875 0.71875
vt 0.193359375 0.705078125
vt 0.193359375 0.736328125
vt 0.162109375 0.736328125
vt 0.162109375 0.705078125
vt 0.298828125 0.78515625
vt 0.298828125 0.81640625
vt 0.267578125 0.81640625
vt 0.267578125 0.78515625
vt 0.302734375 0.96875
vt 0.302734375 1
vt 0.271484375 1
vt 0.271484375 0.96875
vt 0.302734375 0.935546875
vt 0.302734375 0.966796875
vt 0.271484375 0.966796875
vt 0.271484375 0.935546875
vt 0.306640625 0.751953125
vt 0.306640625 0.783203125
vt 0.275390625 0.783203125
vt 0.275390625 0.751953125
vt 0.521484375 0.740234375
vt 0.521484375 0.744140625
vt 0.509765625 0.744140625
vt 0.509765625 0.740234375
vt 0.5234375 0.734375
vt 0.5234375 0.73828125
vt 0.51171875 0.73828125
vt 0.51171875 0.734375
vt 0.185546875 0.513671875
vt 0.185546875 0.525390625
vt 0.173828125 0.525390625
vt 0.173828125 0.513671875
vt 0.486328125 0.671875
vt 0.486328125 0.68359375
vt 0.474609375 0.68359375
vt 0.474609375 0.671875
vt 0.5234375 0.716796875
vt 0.5234375 0.720703125
vt 0.51171875 0.720703125
vt 0.51171875 0.716796875
vt 0.5234375 0.7109375
vt 0.5234375 0.71484375
vt 0.51171875 0.71484375
vt 0.51171875 0.7109375
vt 0.4765625 0.58203125
vt 0.4765625 0.591796875
vt 0.4609375 0.591796875
vt 0.4609375 0.58203125
vt 0.478515625 0.763671875
vt 0.478515625 0.7734375
vt 0.462890625 0.7734375
vt 0.462890625 0.763671875
vt 0.177734375 0.66015625
vt 0.177734375 0.67578125
vt 0.162109375 0.67578125
vt 0.162109375 0.66015625
vt 0.20703125 0.55078125
vt 0.20703125 0.56640625
vt 0.19140625 0.56640625
vt 0.19140625 0.55078125
vt 0.478515625 0.533203125
vt 0.478515625 0.54296875
vt 0.462890625 0.54296875
vt 0.462890625 0.533203125
vt 0.05078125 0.525390625
vt 0.05078125 0.53515625
vt 0.03515625 0.53515625
vt 0.03515625 0.525390625
vt 0.07421875 0.505859375
vt 0.07421875 0.56640625
vt 0.0703125 0.56640625
vt 0.0703125 0.505859375
vt 0.212890625 0.505859375
vt 0.212890625 0.56640625
vt 0.208984375 0.56640625
vt 0.208984375 0.505859375
vt 0.111328125 0.658203125
vt 0.111328125 0.662109375
vt 0.107421875 0.662109375
vt 0.107421875 0.658203125
vt 0.248046875 0.4765625
vt 0.248046875 0.48046875
vt 0.244140625 0.48046875
vt 0.244140625 0.4765625
vt 0.1015625 0.498046875
vt 0.1015625 0.55859375
vt 0.09765625 0.55859375
vt 0.09765625 0.498046875
vt 0.439453125 0.498046875
vt 0.439453125 0.55859375
vt 0.435546875 0.55859375
vt 0.435546875 0.498046875
vt 0.193359375 0.51953125
vt 0.193359375 0.484375
vt 0.197265625 0.484375
vt 0.197265625 0.51953125
vt 0.513671875 0.974609375
vt 0.478515625 0.974609375
vt 0.478515625 0.970703125
vt 0.513671875 0.970703125
vt 0.5234375 0.87890625
vt 0.5234375 0.875
vt 0.52734375 0.875
vt 0.52734375 0.87890625
vt 0.01171875 0.47265625
vt 0.015625 0.47265625
vt 0.015625 0.4765625
vt 0.01171875 0.4765625
vt 0.162109375 0.80859375
vt 0.162109375 0.7734375
vt 0.166015625 0.7734375
vt 0.166015625 0.80859375
vt 0.509765625 0.669921875
vt 0.474609375 0.669921875
vt 0.474609375 0.666015625
vt 0.509765625 0.666015625
vt 0.21484375 0.51953125
vt 0.21484375 0.484375
vt 0.21875 0.484375
vt 0.21875 0.51953125
vt 0.513671875 0.93359375
vt 0.478515625 0.93359375
vt 0.478515625 0.9296875
vt 0.513671875 0.9296875
vt 0.5234375 0.744140625
vt 0.5234375 0.740234375
vt 0.52734375 0.740234375
vt 0.52734375 0.744140625
vt 0.017578125 0.47265625
vt 0.021484375 0.47265625
vt 0.021484375 0.4765625
vt 0.017578125 0.4765625
vt 0.37109375 0.541015625
vt 0.37109375 0.505859375
vt 0.375 0.505859375
vt 0.375 0.541015625
vt 0.51171875 0.8203125
vt 0.4765625 0.8203125
vt 0.4765625 0.81640625
vt 0.51171875 0.81640625
vt 0.220703125 0.51953125
vt 0.220703125 0.484375
vt 0.224609375 0.484375
vt 0.224609375 0.51953125
vt 0.513671875 0.7265625
vt 0.478515625 0.7265625
vt 0.478515625 0.72265625
vt 0.513671875 0.72265625
vt 0.28515625 0.4765625
vt 0.28515625 0.47265625
vt 0.2890625 0.47265625
vt 0.2890625 0.4765625
vt 0.05859375 0.47265625
vt 0.0625 0.47265625
vt 0.0625 0.4765625
vt 0.05859375 0.4765625
vt 0.275390625 0.537109375
vt 0.275390625 0.501953125
vt 0.279296875 0.501953125
vt 0.279296875 0.537109375
vt 0.51171875 0.814453125
vt 0.4765625 0.814453125
vt 0.4765625 0.810546875
vt 0.51171875 0.810546875
vt 0.28125 0.6875
vt 0.27734375 0.6875
vt 0.27734375 0.5390625
vt 0.28125 0.5390625
vt 0.185546875 0.52734375
vt 0.189453125 0.52734375
vt 0.189453125 0.67578125
vt 0.185546875 0.67578125
vt 0.10546875 0.625
vt 0.10546875 0.7734375
vt 0.099609375 0.7734375
vt 0.099609375 0.625
vt 0.203125 0.716796875
vt 0.203125 0.568359375
vt 0.208984375 0.568359375
vt 0.208984375 0.716796875
vt 0.525390625 0.91015625
vt 0.525390625 0.9140625
vt 0.51953125 0.9140625
vt 0.51953125 0.91015625
vt 0.51953125 0.908203125
vt 0.51953125 0.904296875
vt 0.525390625 0.904296875
vt 0.525390625 0.908203125
vt 0.021484375 0.478515625
vt 0.021484375 0.509765625
vt 0.017578125 0.509765625
vt 0.017578125 0.478515625
vt 0.478515625 0.7109375
vt 0.509765625 0.7109375
vt 0.509765625 0.71484375
vt 0.478515625 0.71484375
vt 0.26171875 0.474609375
vt 0.265625 0.474609375
vt 0.265625 0.478515625
vt 0.26171875 0.478515625
vt 0.255859375 0.478515625
vt 0.255859375 0.474609375
vt 0.259765625 0.474609375
vt 0.259765625 0.478515625
vt 0.478515625 0.716796875
vt 0.509765625 0.716796875
vt 0.509765625 0.720703125
vt 0.478515625 0.720703125
vt 0.015625 0.478515625
vt 0.015625 0.509765625
vt 0.01171875 0.509765625
vt 0.01171875 0.478515625
vt 0.33203125 0.521484375
vt 0.33203125 0.486328125
vt 0.3359375 0.486328125
vt 0.3359375 0.521484375
vt 0.51171875 0.560546875
vt 0.4765625 0.560546875
vt 0.4765625 0.556640625
vt 0.51171875 0.556640625
vt 0 0.4765625
vt 0 0.47265625
vt 0.00390625 0.47265625
vt 0.00390625 0.4765625
vt 0.517578125 0.474609375
vt 0.521484375 0.474609375
vt 0.521484375 0.478515625
vt 0.517578125 0.478515625
vt 0.3203125 0.521484375
vt 0.3203125 0.486328125
vt 0.32421875 0.486328125
vt 0.32421875 0.521484375
vt 0.51171875 0.7890625
vt 0.4765625 0.7890625
vt 0.4765625 0.78515625
vt 0.51171875 0.78515625
vt 0.1875 0.51953125
vt 0.1875 0.484375
vt 0.19140625 0.484375
vt 0.19140625 0.51953125
vt 0.51171875 0.5546875
vt 0.4765625 0.5546875
vt 0.4765625 0.55078125
vt 0.51171875 0.55078125
vt 0.5234375 0.9921875
vt 0.5234375 0.98828125
vt 0.52734375 0.98828125
vt 0.52734375 0.9921875
vt 0.005859375 0.47265625
vt 0.009765625 0.47265625
vt 0.009765625 0.4765625
vt 0.005859375 0.4765625
vt 0.052734375 0.53515625
vt 0.052734375 0.5
vt 0.056640625 0.5
vt 0.056640625 0.53515625
vt 0.51171875 0.80859375
vt 0.4765625 0.80859375
vt 0.4765625 0.8046875
vt 0.51171875 0.8046875
vt 0.326171875 0.521484375
vt 0.326171875 0.486328125
vt 0.330078125 0.486328125
vt 0.330078125 0.521484375
vt 0.51171875 0.548828125
vt 0.4765625 0.548828125
vt 0.4765625 0.544921875
vt 0.51171875 0.544921875
vt 0.390625 0.478515625
vt 0.390625 0.474609375
vt 0.39453125 0.474609375
vt 0.39453125 0.478515625
vt 0.396484375 0.474609375
vt 0.400390625 0.474609375
vt 0.400390625 0.478515625
vt 0.396484375 0.478515625
vt 0.447265625 0.529296875
vt 0.447265625 0.494140625
vt 0.451171875 0.494140625
vt 0.451171875 0.529296875
vt 0.51171875 0.783203125
vt 0.4765625 0.783203125
vt 0.4765625 0.779296875
vt 0.51171875 0.779296875
vt 0.02734375 0.486328125
vt 0.02734375 0.517578125
vt 0.0234375 0.517578125
vt 0.0234375 0.486328125
vt 0.421875 0.482421875
vt 0.421875 0.513671875
vt 0.41796875 0.513671875
vt 0.41796875 0.482421875
vt 0.51953125 0.521484375
vt 0.5234375 0.521484375
vt 0.5234375 0.525390625
vt 0.51953125 0.525390625
vt 0.5234375 0.51953125
vt 0.51953125 0.51953125
vt 0.51953125 0.515625
vt 0.5234375 0.515625
vt 0.00390625 0.478515625
vt 0.00390625 0.509765625
vt 0 0.509765625
vt 0 0.478515625
vt 0.009765625 0.478515625
vt 0.009765625 0.509765625
vt 0.005859375 0.509765625
vt 0.005859375 0.478515625
vt 0.4453125 0.498046875
vt 0.4453125 0.55859375
vt 0.44140625 0.55859375
vt 0.44140625 0.498046875
vt 0.134765625 0.49609375
vt 0.134765625 0.556640625
vt 0.130859375 0.556640625
vt 0.130859375 0.49609375
vt 0.51953125 0.498046875
vt 0.5234375 0.498046875
vt 0.5234375 0.501953125
vt 0.51953125 0.501953125
vt 0.525390625 0.951171875
vt 0.521484375 0.951171875
vt 0.521484375 0.947265625
vt 0.525390625 0.947265625
vt 0.123046875 0.49609375
vt 0.123046875 0.556640625
vt 0.119140625 0.556640625
vt 0.119140625 0.49609375
vt 0.12890625 0.49609375
vt 0.12890625 0.556640625
vt 0.125 0.556640625
vt 0.125 0.49609375
vt 0.26953125 0.556640625
vt 0.26953125 0.498046875
vt 0.2734375 0.498046875
vt 0.2734375 0.556640625
vt 0.501953125 0.794921875
vt 0.443359375 0.794921875
vt 0.443359375 0.791015625
vt 0.501953125 0.791015625
vt 0.31640625 0.478515625
vt 0.31640625 0.474609375
vt 0.3203125 0.474609375
vt 0.3203125 0.478515625
vt 0.337890625 0.474609375
vt 0.341796875 0.474609375
vt 0.341796875 0.478515625
vt 0.337890625 0.478515625
vt 0.13671875 0.556640625
vt 0.13671875 0.498046875
vt 0.140625 0.498046875
vt 0.140625 0.556640625
vt 0.501953125 0.833984375
vt 0.443359375 0.833984375
vt 0.443359375 0.830078125
vt 0.501953125 0.830078125
vt 0.263671875 0.556640625
vt 0.263671875 0.498046875
vt 0.267578125 0.498046875
vt 0.267578125 0.556640625
vt 0.50390625 0.6953125
vt 0.4453125 0.6953125
vt 0.4453125 0.69140625
vt 0.50390625 0.69140625
vt 0.34375 0.478515625
vt 0.34375 0.474609375
vt 0.34765625 0.474609375
vt 0.34765625 0.478515625
vt 0.3671875 0.474609375
vt 0.37109375 0.474609375
vt 0.37109375 0.478515625
vt 0.3671875 0.478515625
vt 0.142578125 0.556640625
vt 0.142578125 0.498046875
vt 0.146484375 0.498046875
vt 0.146484375 0.556640625
vt 0.501953125 0.83984375
vt 0.443359375 0.83984375
vt 0.443359375 0.8359375
vt 0.501953125 0.8359375
vt 0.029296875 0.5546875
vt 0.029296875 0.49609375
vt 0.033203125 0.49609375
vt 0.033203125 0.5546875
vt 0.50390625 0.689453125
vt 0.4453125 0.689453125
vt 0.4453125 0.685546875
vt 0.50390625 0.685546875
vt 0.373046875 0.478515625
vt 0.373046875 0.474609375
vt 0.376953125 0.474609375
vt 0.376953125 0.478515625
vt 0.361328125 0.474609375
vt 0.365234375 0.474609375
vt 0.365234375 0.478515625
vt 0.361328125 0.478515625
vt 0.1484375 0.556640625
vt 0.1484375 0.498046875
vt 0.15234375 0.498046875
vt 0.15234375 0.556640625
vt 0.494140625 0.63671875
vt 0.435546875 0.63671875
vt 0.435546875 0.6328125
vt 0.494140625 0.6328125
vt 0.5234375 0.509765625
vt 0.5234375 0.513671875
vt 0.51171875 0.513671875
vt 0.51171875 0.509765625
vt 0.5234375 0.607421875
vt 0.5234375 0.611328125
vt 0.51171875 0.611328125
vt 0.51171875 0.607421875
vt 0.03515625 0.51171875
vt 0.046875 0.51171875
vt 0.046875 0.5234375
vt 0.03515625 0.5234375
vt 0.091796875 0.5234375
vt 0.080078125 0.5234375
vt 0.080078125 0.51171875
vt 0.091796875 0.51171875
vt 0.5234375 0.6796875
vt 0.5234375 0.68359375
vt 0.51171875 0.68359375
vt 0.51171875 0.6796875
vt 0.5234375 0.666015625
vt 0.5234375 0.669921875
vt 0.51171875 0.669921875
vt 0.51171875 0.666015625
vt 0.48046875 0.74609375
vt 0.48046875 0.755859375
vt 0.46484375 0.755859375
vt 0.46484375 0.74609375
vt 0.478515625 0.521484375
vt 0.478515625 0.53125
vt 0.462890625 0.53125
vt 0.462890625 0.521484375
vt 0.341796875 0.54296875
vt 0.357421875 0.54296875
vt 0.357421875 0.55859375
vt 0.341796875 0.55859375
vt 0.375 0.55859375
vt 0.359375 0.55859375
vt 0.359375 0.54296875
vt 0.375 0.54296875
vt 0.48046875 0.734375
vt 0.48046875 0.744140625
vt 0.46484375 0.744140625
vt 0.46484375 0.734375
vt 0.484375 0.5703125
vt 0.484375 0.580078125
vt 0.46875 0.580078125
vt 0.46875 0.5703125
vt 0.521484375 0.50390625
vt 0.521484375 0.5078125
vt 0.51171875 0.5078125
vt 0.51171875 0.50390625
vt 0.029296875 0.484375
vt 0.033203125 0.484375
vt 0.033203125 0.494140625
vt 0.029296875 0.494140625
vt 0.279296875 0.48046875
vt 0.279296875 0.490234375
vt 0.2734375 0.490234375
vt 0.2734375 0.48046875
vt 0.28125 0.490234375
vt 0.28125 0.48046875
vt 0.287109375 0.48046875
vt 0.287109375 0.490234375
vt 0.525390625 0.84765625
vt 0.525390625 0.8515625
vt 0.51953125 0.8515625
vt 0.51953125 0.84765625
vt 0.525390625 0.78515625
vt 0.525390625 0.7890625
vt 0.51953125 0.7890625
vt 0.51953125 0.78515625
vt 0.515625 0.494140625
vt 0.51171875 0.494140625
vt 0.51171875 0.484375
vt 0.515625 0.484375
vt 0.513671875 0.96875
vt 0.513671875 0.96484375
vt 0.5234375 0.96484375
vt 0.5234375 0.96875
vt 0.02734375 0.474609375
vt 0.02734375 0.484375
vt 0.0234375 0.484375
vt 0.0234375 0.474609375
vt 0.515625 0.951171875
vt 0.515625 0.94140625
vt 0.51953125 0.94140625
vt 0.51953125 0.951171875
vt 0.267578125 0.478515625
vt 0.267578125 0.474609375
vt 0.271484375 0.474609375
vt 0.271484375 0.478515625
vt 0.2734375 0.478515625
vt 0.2734375 0.474609375
vt 0.27734375 0.474609375
vt 0.27734375 0.478515625
vt 0.25390625 0.544921875
vt 0.25 0.544921875
vt 0.25 0.501953125
vt 0.25390625 0.501953125
vt 0.392578125 0.501953125
vt 0.396484375 0.501953125
vt 0.396484375 0.544921875
vt 0.392578125 0.544921875
vt 0.171875 0.5
vt 0.171875 0.54296875
vt 0.16796875 0.54296875
vt 0.16796875 0.5
vt 0.42578125 0.54296875
vt 0.42578125 0.5
vt 0.4296875 0.5
vt 0.4296875 0.54296875
vt 0.111328125 0.478515625
vt 0.111328125 0.474609375
vt 0.115234375 0.474609375
vt 0.115234375 0.478515625
vt 0.1171875 0.478515625
vt 0.1171875 0.474609375
vt 0.12109375 0.474609375
vt 0.12109375 0.478515625
vt 0.50390625 0.59375
vt 0.50390625 0.59765625
vt 0.4609375 0.59765625
vt 0.4609375 0.59375
vt 0.154296875 0.498046875
vt 0.158203125 0.498046875
vt 0.158203125 0.541015625
vt 0.154296875 0.541015625
vt 0.4609375 0.515625
vt 0.4609375 0.55859375
vt 0.45703125 0.55859375
vt 0.45703125 0.515625
vt 0.50390625 0.990234375
vt 0.4609375 0.990234375
vt 0.4609375 0.986328125
vt 0.50390625 0.986328125
vt 0.17578125 0.474609375
vt 0.17578125 0.478515625
vt 0.171875 0.478515625
vt 0.171875 0.474609375
vt 0.521484375 0.80078125
vt 0.525390625 0.80078125
vt 0.525390625 0.8046875
vt 0.521484375 0.8046875
vt 0.513671875 0.947265625
vt 0.513671875 0.951171875
vt 0.49609375 0.951171875
vt 0.49609375 0.947265625
vt 0.1796875 0.658203125
vt 0.18359375 0.658203125
vt 0.18359375 0.67578125
vt 0.1796875 0.67578125
vt 0.056640625 0.48046875
vt 0.056640625 0.498046875
vt 0.052734375 0.498046875
vt 0.052734375 0.48046875
vt 0.513671875 0.86328125
vt 0.49609375 0.86328125
vt 0.49609375 0.859375
vt 0.513671875 0.859375
vt 0.52734375 0.62109375
vt 0.52734375 0.625
vt 0.5234375 0.625
vt 0.5234375 0.62109375
vt 0.5234375 0.615234375
vt 0.52734375 0.615234375
vt 0.52734375 0.619140625
vt 0.5234375 0.619140625
vt 0.03515625 0.486328125
vt 0.03515625 0.482421875
vt 0.044921875 0.482421875
vt 0.044921875 0.486328125
vt 0.080078125 0.486328125
vt 0.080078125 0.482421875
vt 0.08984375 0.482421875
vt 0.08984375 0.486328125
vt 0.45703125 0.486328125
vt 0.45703125 0.4765625
vt 0.4609375 0.4765625
vt 0.4609375 0.486328125
vt 0.455078125 0.4765625
vt 0.455078125 0.486328125
vt 0.451171875 0.486328125
vt 0.451171875 0.4765625
vt 0.068359375 0.478515625
vt 0.068359375 0.474609375
vt 0.072265625 0.474609375
vt 0.072265625 0.478515625
vt 0.166015625 0.478515625
vt 0.166015625 0.474609375
vt 0.169921875 0.474609375
vt 0.169921875 0.478515625
vt 0.1015625 0.486328125
vt 0.09765625 0.486328125
vt 0.09765625 0.4765625
vt 0.1015625 0.4765625
vt 0.11328125 0.482421875
vt 0.11328125 0.486328125
vt 0.103515625 0.486328125
vt 0.103515625 0.482421875
vt 0.525390625 0.93359375
vt 0.515625 0.93359375
vt 0.515625 0.9296875
vt 0.525390625 0.9296875
vt 0.525390625 0.939453125
vt 0.515625 0.939453125
vt 0.515625 0.935546875
vt 0.525390625 0.935546875
vt 0.208984375 0.478515625
vt 0.205078125 0.478515625
vt 0.205078125 0.474609375
vt 0.208984375 0.474609375
vt 0.521484375 0.791015625
vt 0.525390625 0.791015625
vt 0.525390625 0.794921875
vt 0.521484375 0.794921875
vt 0.140625 0.486328125
vt 0.13671875 0.486328125
vt 0.13671875 0.4765625
vt 0.140625 0.4765625
vt 0.15234375 0.482421875
vt 0.15234375 0.486328125
vt 0.142578125 0.486328125
vt 0.142578125 0.482421875
vt 0.525390625 0.890625
vt 0.515625 0.890625
vt 0.515625 0.88671875
vt 0.525390625 0.88671875
vt 0.125 0.484375
vt 0.115234375 0.484375
vt 0.115234375 0.48046875
vt 0.125 0.48046875
vt 0.388671875 0.478515625
vt 0.384765625 0.478515625
vt 0.384765625 0.474609375
vt 0.388671875 0.474609375
vt 0.37890625 0.474609375
vt 0.3828125 0.474609375
vt 0.3828125 0.478515625
vt 0.37890625 0.478515625
vt 0.517578125 0.849609375
vt 0.513671875 0.849609375
vt 0.513671875 0.83984375
vt 0.517578125 0.83984375
vt 0.5234375 0.833984375
vt 0.5234375 0.837890625
vt 0.513671875 0.837890625
vt 0.513671875 0.833984375
vt 0.5234375 0.55078125
vt 0.513671875 0.55078125
vt 0.513671875 0.546875
vt 0.5234375 0.546875
vt 0.525390625 0.974609375
vt 0.515625 0.974609375
vt 0.515625 0.970703125
vt 0.525390625 0.970703125
vt 0.283203125 0.478515625
vt 0.279296875 0.478515625
vt 0.279296875 0.474609375
vt 0.283203125 0.474609375
vt 0.521484375 0.6875
vt 0.525390625 0.6875
vt 0.525390625 0.69140625
vt 0.521484375 0.69140625
vt 0.513671875 0.828125
vt 0.513671875 0.82421875
vt 0.5234375 0.82421875
vt 0.5234375 0.828125
vt 0.5234375 0.818359375
vt 0.5234375 0.822265625
vt 0.513671875 0.822265625
vt 0.513671875 0.818359375
vt 0.5234375 0.556640625
vt 0.513671875 0.556640625
vt 0.513671875 0.552734375
vt 0.5234375 0.552734375
vt 0.5234375 0.5625
vt 0.513671875 0.5625
vt 0.513671875 0.55859375
vt 0.5234375 0.55859375
vt 0.056640625 0.478515625
vt 0.052734375 0.478515625
vt 0.052734375 0.474609375
vt 0.056640625 0.474609375
vt 0.521484375 0.94140625
vt 0.525390625 0.94140625
vt 0.525390625 0.9453125
vt 0.521484375 0.9453125
vt 0.5234375 0.8125
vt 0.5234375 0.81640625
vt 0.513671875 0.81640625
vt 0.513671875 0.8125
vt 0.513671875 0.779296875
vt 0.517578125 0.779296875
vt 0.517578125 0.7890625
vt 0.513671875 0.7890625
vt 0.37109375 0.48046875
vt 0.37109375 0.490234375
vt 0.365234375 0.490234375
vt 0.365234375 0.48046875
vt 0.3828125 0.490234375
vt 0.3828125 0.48046875
vt 0.388671875 0.48046875
vt 0.388671875 0.490234375
vt 0.525390625 0.638671875
vt 0.525390625 0.642578125
vt 0.51953125 0.642578125
vt 0.51953125 0.638671875
vt 0.525390625 0.6015625
vt 0.525390625 0.60546875
vt 0.51953125 0.60546875
vt 0.51953125 0.6015625
vt 0.5234375 0.806640625
vt 0.5234375 0.810546875
vt 0.513671875 0.810546875
vt 0.513671875 0.806640625
vt 0.25 0.4765625
vt 0.25390625 0.4765625
vt 0.25390625 0.486328125
vt 0.25 0.486328125
vt 0.263671875 0.48046875
vt 0.263671875 0.490234375
vt 0.2578125 0.490234375
vt 0.2578125 0.48046875
vt 0.509765625 0.77734375
vt 0.509765625 0.767578125
vt 0.515625 0.767578125
vt 0.515625 0.77734375
vt 0.525390625 0.892578125
vt 0.525390625 0.896484375
vt 0.51953125 0.896484375
vt 0.51953125 0.892578125
vt 0.525390625 0.76171875
vt 0.525390625 0.765625
vt 0.51953125 0.765625
vt 0.51953125 0.76171875
vt 0.111328125 0.646484375
vt 0.107421875 0.646484375
vt 0.107421875 0.498046875
vt 0.111328125 0.498046875
vt 0.11328125 0.498046875
vt 0.1171875 0.498046875
vt 0.1171875 0.646484375
vt 0.11328125 0.646484375
vt 0.201171875 0.568359375
vt 0.201171875 0.716796875
vt 0.1953125 0.716796875
vt 0.1953125 0.568359375
vt 0.2109375 0.716796875
vt 0.2109375 0.568359375
vt 0.216796875 0.568359375
vt 0.216796875 0.716796875
vt 0.525390625 0.8984375
vt 0.525390625 0.90234375
vt 0.51953125 0.90234375
vt 0.51953125 0.8984375
vt 0.103515625 0.48046875
vt 0.103515625 0.4765625
vt 0.109375 0.4765625
vt 0.109375 0.48046875
vt 0.36328125 0.482421875
vt 0.36328125 0.486328125
vt 0.353515625 0.486328125
vt 0.353515625 0.482421875
vt 0.404296875 0.4765625
vt 0.408203125 0.4765625
vt 0.408203125 0.486328125
vt 0.404296875 0.486328125
vt 0.34375 0.48046875
vt 0.34375 0.490234375
vt 0.337890625 0.490234375
vt 0.337890625 0.48046875
vt 0.345703125 0.490234375
vt 0.345703125 0.48046875
vt 0.3515625 0.48046875
vt 0.3515625 0.490234375
vt 0.525390625 0.841796875
vt 0.525390625 0.845703125
vt 0.51953125 0.845703125
vt 0.51953125 0.841796875
vt 0.525390625 0.779296875
vt 0.525390625 0.783203125
vt 0.51953125 0.783203125
vt 0.51953125 0.779296875
vt 0.5234375 0.578125
vt 0.5234375 0.58203125
vt 0.513671875 0.58203125
vt 0.513671875 0.578125
vt 0.41015625 0.4765625
vt 0.4140625 0.4765625
vt 0.4140625 0.486328125
vt 0.41015625 0.486328125
vt 0.515625 0.6171875
vt 0.515625 0.626953125
vt 0.509765625 0.626953125
vt 0.509765625 0.6171875
vt 0.509765625 0.533203125
vt 0.509765625 0.5234375
vt 0.515625 0.5234375
vt 0.515625 0.533203125
vt 0.421875 0.4765625
vt 0.421875 0.48046875
vt 0.416015625 0.48046875
vt 0.416015625 0.4765625
vt 0.525390625 0.56640625
vt 0.525390625 0.5703125
vt 0.51953125 0.5703125
vt 0.51953125 0.56640625
vt 0.5234375 0.572265625
vt 0.5234375 0.576171875
vt 0.513671875 0.576171875
vt 0.513671875 0.572265625
vt 0.431640625 0.4765625
vt 0.435546875 0.4765625
vt 0.435546875 0.486328125
vt 0.431640625 0.486328125
vt 0.271484375 0.48046875
vt 0.271484375 0.490234375
vt 0.265625 0.490234375
vt 0.265625 0.48046875
vt 0.509765625 0.755859375
vt 0.509765625 0.74609375
vt 0.515625 0.74609375
vt 0.515625 0.755859375
vt 0.1484375 0.4765625
vt 0.1484375 0.48046875
vt 0.142578125 0.48046875
vt 0.142578125 0.4765625
vt 0.359375 0.4765625
vt 0.359375 0.48046875
vt 0.353515625 0.48046875
vt 0.353515625 0.4765625
vn 1 0 0
vn -1 0 0
vn 0 1 0
vn 0 -1 0
vn 0 0 1
vn 0 0 -1
vn 1 0 0
vn -1 0 0
vn 0 1 0
vn 0 -1 0
vn 0 0 1
vn 0 0 -1
vn 0.9807852732211062 -0.19509035812281728 3.335465536323469e-7
vn -0.9807852732211062 0.19509035812281714 -3.3354655363234663e-7
vn 0.19134181401569497 0.9619397394726419 -0.19509035812281722
vn -0.1913418140156935 -0.9619397394726422 0.19509035812281725
vn 0.03805992698080414 0.19134181401569345 0.9807852732211062
vn -0.03805992698080489 -0.19134181401569342 -0.9807852732211062
vn 0.9807852732211062 0.1950903581228175 -3.3354655363234737e-7
vn -0.9807852732211062 -0.1950903581228171 3.335465536323469e-7
vn -0.19134181401569186 0.9619397394726431 -0.19509035812281403
vn 0.1913418140156933 -0.9619397394726423 0.19509035812281725
vn -0.038059926980803474 0.1913418140156936 0.9807852732211062
vn 0.03805992698080417 -0.1913418140156934 -0.9807852732211062
vn 0.9807852732211062 -0.1950903581228171 -3.335465536323469e-7
vn -0.9807852732211062 0.19509035812281722 3.335465536323468e-7
vn 0.19134181401569497 0.9619397394726418 0.19509035812281722
vn -0.19134181401569347 -0.9619397394726422 -0.19509035812281725
vn -0.03805992698080414 -0.19134181401569345 0.9807852732211062
vn 0.03805992698080489 0.19134181401569342 -0.9807852732211062
vn 0.9807852732211062 0.19509035812281714 3.3354655363234663e-7
vn -0.9807852732211062 -0.19509035812281728 -3.335465536323469e-7
vn -0.19134181401569497 0.9619397394726419 0.19509035812281722
vn 0.1913418140156935 -0.9619397394726422 -0.19509035812281725
vn 0.03805992698080489 -0.19134181401569342 0.9807852732211062
vn -0.03805992698080414 0.19134181401569345 -0.9807852732211062
vn 1 0 0
vn -1 0 0
vn 0 1 0
vn 0 -1 0
vn 0 0 1
vn 0 0 -1
vn 1 0 0
vn -1 0 0
vn 0 1 0
vn 0 -1 0
vn 0 0 1
vn 0 0 -1
vn 1 0 0
vn -1 0 0
vn 0 1 0
vn 0 -1 0
vn 0 0 1
vn 0 0 -1
vn 1 0 0
vn -1 0 0
vn 0 1 0
vn 0 -1 0
vn 0 0 1
vn 0 0 -1
vn 1 0 0
vn -1 0 0
vn 0 1 0
vn 0 -1 0
vn 0 0 1
vn 0 0 -1
vn 1 0 0
vn -1 0 0
vn 0 1 0
vn 0 -1 0
vn 0 0 1
vn 0 0 -1
vn 1 0 0
vn -1 0 0
vn 0 1 0
vn 0 -1 0
vn 0 0 1
vn 0 0 -1
vn 1 0 0
vn -1 0 0
vn 0 1 0
vn 0 -1 0
vn 0 0 1
vn 0 0 -1
vn 1 0 0
vn -1 0 0
vn 0 1 0
vn 0 -1 0
vn 0 0 1
vn 0 0 -1
vn 1 0 0
vn -1 0 0
vn 0 1 0
vn 0 -1 0
vn 0 0 1
vn 0 0 -1
vn 1 0 0
vn -1 0 0
vn 0 1 0
vn 0 -1 0
vn 0 0 1
vn 0 0 -1
vn 1 0 0
vn -1 0 0
vn 0 1 0
vn 0 -1 0
vn 0 0 1
vn 0 0 -1
vn 1 0 0
vn -1 0 0
vn 0 1 0
vn 0 -1 0
vn 0 0 1
vn 0 0 -1
vn 1 0 0
vn -1 0 0
vn 0 1 0
vn 0 -1 0
vn 0 0 1
vn 0 0 -1
vn 1 0 0
vn -1 0 0
vn 0 1 0
vn 0 -1 0
vn 0 0 1
vn 0 0 -1
vn 1 0 0
vn -1 0 0
vn 0 1 0
vn 0 -1 0
vn 0 0 1
vn 0 0 -1
vn 1 0 0
vn -1 0 0
vn 0 1 0
vn 0 -1 0
vn 0 0 1
vn 0 0 -1
vn 1 0 0
vn -1 0 0
vn 0 1 0
vn 0 -1 0
vn 0 0 1
vn 0 0 -1
vn 1 0 0
vn -1 0 0
vn 0 1 0
vn 0 -1 0
vn 0 0 1
vn 0 0 -1
vn 1 0 0
vn -1 0 0
vn 0 1 0
vn 0 -1 0
vn 0 0 1
vn 0 0 -1
vn 1 0 0
vn -1 0 0
vn 0 1 0
vn 0 -1 0
vn 0 0 1
vn 0 0 -1
vn 1 0 0
vn -1 0 0
vn 0 1 0
vn 0 -1 0
vn 0 0 1
vn 0 0 -1
vn 1 0 0
vn -1 0 0
vn 0 1 0
vn 0 -1 0
vn 0 0 1
vn 0 0 -1
vn 1 0 0
vn -1 0 0
vn 0 1 0
vn 0 -1 0
vn 0 0 1
vn 0 0 -1
vn 1 0 0
vn -1 0 0
vn 0 1 0
vn 0 -1 0
vn 0 0 1
vn 0 0 -1
vn 1 0 0
vn -1 0 0
vn 0 1 0
vn 0 -1 0
vn 0 0 1
vn 0 0 -1
vn 1 0 0
vn -1 0 0
vn 0 1 0
vn 0 -1 0
vn 0 0 1
vn 0 0 -1
vn 1 0 0
vn -1 0 0
vn 0 1 0
vn 0 -1 0
vn 0 0 1
vn 0 0 -1
vn 1 0 0
vn -1 0 0
vn 0 1 0
vn 0 -1 0
vn 0 0 1
vn 0 0 -1
vn 1 0 0
vn -1 0 0
vn 0 1 0
vn 0 -1 0
vn 0 0 1
vn 0 0 -1
vn 1 0 0
vn -1 0 0
vn 0 1 0
vn 0 -1 0
vn 0 0 1
vn 0 0 -1
vn 1 0 0
vn -1 0 0
vn 0 1 0
vn 0 -1 0
vn 0 0 1
vn 0 0 -1
vn 1 0 0
vn -1 0 0
vn 0 1 0
vn 0 -1 0
vn 0 0 1
vn 0 0 -1
vn 1 0 0
vn -1 0 0
vn 0 1 0
vn 0 -1 0
vn 0 0 1
vn 0 0 -1
vn 1 0 0
vn -1 0 0
vn 0 1 0
vn 0 -1 0
vn 0 0 1
vn 0 0 -1
vn 1 0 0
vn -1 0 0
vn 0 1 0
vn 0 -1 0
vn 0 0 1
vn 0 0 -1
vn 0.7865663000341352 -0.6035531427683446 0.13052608745022995
vn -0.786566300034136 0.6035531427683438 -0.13052608745022978
vn 0.6087612423468445 0.7933534835215982 -6.871520361733428e-7
vn -0.6087612423468441 -0.7933534835215984 6.871520333819244e-7
vn -0.10355291143631325 0.07945976364550733 0.9914448751667757
vn 0.10355291143631329 -0.07945976364550736 -0.9914448751667757
vn 0.7865663000341364 0.6035531427683442 -0.13052608745022565
vn -0.7865663000341353 -0.6035531427683447 0.13052608745022776
vn -0.6087612423468438 0.7933534835215986 -6.871520305778191e-7
vn 0.6087612423468439 -0.7933534835215983 6.871520333946128e-7
vn 0.10355291143631323 0.07945976364550748 0.9914448751667757
vn -0.10355291143631325 -0.07945976364550733 -0.9914448751667757
vn -0.7865663000341362 -0.6035531427683438 -0.1305260874502277
vn 0.786566300034136 0.6035531427683437 0.1305260874502299
vn -0.608761242346844 0.7933534835215984 6.87152033388461e-7
vn 0.6087612423468443 -0.7933534835215981 -6.871520361875685e-7
vn 0.10355291143631318 0.07945976364550744 -0.9914448751667756
vn -0.10355291143631312 -0.07945976364550741 0.9914448751667756
vn -0.7865663000341365 0.603553142768344 0.13052608745022554
vn 0.7865663000341356 -0.6035531427683448 -0.1305260874502279
vn 0.6087612423468436 0.7933534835215984 6.871520305778184e-7
vn -0.6087612423468439 -0.7933534835215983 -6.871520333946128e-7
vn -0.10355291143631327 0.07945976364550753 -0.9914448751667757
vn 0.10355291143631365 -0.07945976364550708 0.9914448751667757
vn -0.1305260874502298 -0.6035531427683448 0.7865663000341351
vn 0.13052608745022923 0.6035531427683437 -0.786566300034136
vn 6.87152036173342e-7 0.793353483521598 0.6087612423468444
vn -6.871520339148315e-7 -0.7933534835215984 -0.6087612423468441
vn -0.9914448751667757 0.07945976364550726 -0.10355291143631318
vn 0.9914448751667757 -0.07945976364550725 0.10355291143631312
vn 0.13052608745022576 0.603553142768344 0.7865663000341364
vn -0.13052608745022776 -0.6035531427683447 -0.7865663000341354
vn 6.871520305778195e-7 0.7933534835215984 -0.6087612423468438
vn -6.871520333946133e-7 -0.7933534835215983 0.6087612423468439
vn -0.9914448751667757 0.07945976364550765 0.10355291143631344
vn 0.9914448751667757 -0.07945976364550744 -0.10355291143631341
vn 0.130526087450227 -0.6035531427683434 -0.7865663000341366
vn -0.1305260874502299 0.6035531427683437 0.786566300034136
vn -6.871520339140859e-7 0.7933534835215982 -0.6087612423468441
vn 6.871520361737154e-7 -0.7933534835215982 0.6087612423468444
vn 0.9914448751667756 0.07945976364550753 0.10355291143631336
vn -0.9914448751667756 -0.07945976364550712 -0.1035529114363137
vn -0.13052608745022554 0.603553142768344 -0.7865663000341365
vn 0.13052608745022634 -0.6035531427683448 0.7865663000341356
vn -6.871520305572933e-7 0.7933534835215985 0.6087612423468438
vn 6.871520333916273e-7 -0.7933534835215983 -0.608761242346844
vn 0.9914448751667756 0.07945976364550736 -0.10355291143631305
vn -0.9914448751667756 -0.07945976364550739 0.1035529114363131
vn 0.12572716201995013 -0.9877621481340407 0.0922963674476668
vn -0.1257271620199483 0.987762148134041 -0.09229636744766671
vn 0.9866455671939506 0.13420910801814323 0.09229539566794093
vn -0.9866455671939506 -0.13420910801814329 -0.09229539566794134
vn -0.10355291143631297 0.07945976364550728 0.9914448751667757
vn 0.10355291143631316 -0.07945976364550728 -0.9914448751667757
vn 0.12572716201994957 0.9877621481340404 -0.09229636744767036
vn -0.12572716201994902 -0.9877621481340408 0.09229636744766859
vn -0.9866455671939507 0.13420910801814329 0.09229539566794133
vn 0.9866455671939507 -0.13420910801814315 -0.09229539566794046
vn 0.10355291143631404 0.07945976364550715 0.9914448751667757
vn -0.10355291143631305 -0.07945976364550729 -0.9914448751667756
vn -0.7865663000341357 -0.6035531427683442 -0.13052608745022878
vn 0.786566300034136 0.6035531427683438 0.13052608745022978
vn -0.6087612423468443 0.7933534835215983 6.871520347828389e-7
vn 0.6087612423468441 -0.7933534835215983 -6.871520347828389e-7
vn 0.10355291143631322 0.07945976364550737 -0.9914448751667757
vn -0.10355291143631316 -0.07945976364550743 0.9914448751667757
vn -0.7865663000341354 0.6035531427683446 0.13052608745022987
vn 0.7865663000341359 -0.6035531427683438 -0.13052608745022978
vn 0.6087612423468443 0.7933534835215983 6.871520361834278e-7
vn -0.6087612423468439 -0.7933534835215983 -6.871520333822498e-7
vn -0.10355291143631341 0.07945976364550744 -0.9914448751667757
vn 0.10355291143631332 -0.07945976364550755 0.9914448751667757
vn -0.13052608745022878 -0.6035531427683442 0.7865663000341357
vn 0.13052608745022934 0.6035531427683437 -0.786566300034136
vn 6.871520347828389e-7 0.7933534835215983 0.6087612423468441
vn -6.871520347828389e-7 -0.7933534835215983 -0.6087612423468441
vn -0.9914448751667757 0.07945976364550732 -0.10355291143631315
vn 0.9914448751667757 -0.07945976364550733 0.10355291143631302
vn 0.13052608745023006 0.6035531427683444 0.7865663000341353
vn -0.13052608745022978 -0.6035531427683438 -0.786566300034136
vn 6.871520361834289e-7 0.7933534835215982 -0.6087612423468443
vn -6.871520333822511e-7 -0.7933534835215984 0.608761242346844
vn -0.9914448751667757 0.0794597636455075 0.10355291143631348
vn 0.9914448751667757 -0.07945976364550755 -0.10355291143631332
vn 0.13052608745022878 -0.6035531427683442 -0.7865663000341357
vn -0.13052608745022978 0.6035531427683438 0.786566300034136
vn -6.871520347828388e-7 0.7933534835215982 -0.6087612423468441
vn 6.871520347828388e-7 -0.7933534835215982 0.6087612423468441
vn 0.9914448751667757 0.07945976364550755 0.10355291143631343
vn -0.9914448751667757 -0.07945976364550761 -0.10355291143631339
vn -0.1305260874502293 0.6035531427683445 -0.7865663000341354
vn 0.13052608745022978 -0.6035531427683438 0.786566300034136
vn -6.871520367186128e-7 0.793353483521598 0.6087612423468444
vn 6.871520333822504e-7 -0.7933534835215983 -0.6087612423468439
vn 0.9914448751667757 0.07945976364550733 -0.10355291143631318
vn -0.9914448751667757 -0.07945976364550736 0.10355291143631307
vn 0.7865663000341357 -0.603553142768344 0.130526087450229
vn -0.7865663000341353 0.6035531427683447 -0.13052608745022776
vn 0.6087612423468443 0.7933534835215983 -6.871520347686064e-7
vn -0.6087612423468443 -0.7933534835215981 6.871520347771466e-7
vn -0.1035529114363131 0.0794597636455073 0.9914448751667757
vn 0.1035529114363133 -0.07945976364550746 -0.9914448751667757
vn 0.7865663000341359 0.6035531427683444 -0.13052608745022792
vn -0.786566300034136 -0.6035531427683438 0.13052608745022978
vn -0.608761242346844 0.7933534835215983 -6.871520333758456e-7
vn 0.6087612423468443 -0.7933534835215983 6.87152034772875e-7
vn 0.10355291143631327 0.07945976364550753 0.9914448751667757
vn -0.10355291143631298 -0.0794597636455073 -0.9914448751667756
vn 0.13052608745022878 -0.6035531427683442 -0.7865663000341357
vn -0.1305260874502278 0.6035531427683444 0.7865663000341357
vn -6.871520347728739e-7 0.7933534835215981 -0.6087612423468443
vn 6.871520347570136e-7 -0.7933534835215981 0.6087612423468444
vn 0.9914448751667756 0.07945976364550758 0.10355291143631347
vn -0.9914448751667756 -0.07945976364550662 -0.10355291143631386
vn -0.13052608745022726 0.6035531427683439 -0.7865663000341364
vn 0.1305260874502274 -0.6035531427683456 0.7865663000341349
vn -6.871520339217067e-7 0.7933534835215983 0.608761242346844
vn 6.87152036188412e-7 -0.7933534835215983 -0.6087612423468443
vn 0.9914448751667756 0.0794597636455075 -0.10355291143631312
vn -0.9914448751667758 -0.07945976364550732 0.10355291143631293
vn -0.130526087450229 -0.603553142768344 0.7865663000341357
vn 0.13052608745022912 0.6035531427683438 -0.786566300034136
vn 6.871520347942262e-7 0.7933534835215983 0.6087612423468441
vn -6.87152034777146e-7 -0.7933534835215982 -0.6087612423468441
vn -0.9914448751667757 0.07945976364550719 -0.10355291143631294
vn 0.9914448751667757 -0.0794597636455074 0.10355291143631318
vn 0.13052608745022767 0.6035531427683438 0.7865663000341362
vn -0.130526087450229 -0.6035531427683449 -0.7865663000341352
vn 6.871520333692349e-7 0.7933534835215982 -0.6087612423468441
vn -6.871520366999042e-7 -0.7933534835215981 0.6087612423468446
vn -0.9914448751667757 0.07945976364550747 0.10355291143631327
vn 0.9914448751667756 -0.07945976364550768 -0.10355291143631339
vn -0.7865663000341357 -0.6035531427683442 -0.13052608745022878
vn 0.7865663000341354 0.6035531427683446 0.1305260874502291
vn -0.6087612423468441 0.7933534835215983 6.871520347821272e-7
vn 0.6087612423468445 -0.7933534835215982 -6.871520347543715e-7
vn 0.10355291143631332 0.07945976364550746 -0.9914448751667757
vn -0.10355291143631361 -0.07945976364550658 0.9914448751667756
vn -0.7865663000341354 0.6035531427683446 0.1305260874502301
vn 0.7865663000341359 -0.6035531427683438 -0.13052608745022978
vn 0.6087612423468443 0.7933534835215981 6.871520361948158e-7
vn -0.6087612423468443 -0.7933534835215983 -6.87152034768605e-7
vn -0.10355291143631348 0.07945976364550761 -0.9914448751667757
vn 0.10355291143631323 -0.0794597636455075 0.9914448751667757
vn 1 0 0
vn -1 0 0
vn 0 1 0
vn 0 -1 0
vn 0 0 1
vn 0 0 -1
vn 1 0 0
vn -1 0 0
vn 0 1 0
vn 0 -1 0
vn 0 0 1
vn 0 0 -1
vn 1 0 0
vn -1 0 0
vn 0 0.8191520442889921 0.5735764363510459
vn 0 -0.8191520442889917 -0.5735764363510462
vn 0 -0.5735764363510462 0.8191520442889918
vn 0 0.573576436351047 -0.8191520442889911
vn 1 0 0
vn -1 0 0
vn 0 0.34202014332566877 -0.9396926207859085
vn 0 -0.34202014332566877 0.9396926207859085
vn 0 0.9396926207859084 0.34202014332566866
vn 0 -0.9396926207859084 -0.34202014332566866
vn 1 0 0
vn -1 0 0
vn 0 0.3420201433256689 0.9396926207859085
vn 0 -0.34202014332566893 -0.9396926207859085
vn 0 -0.9396926207859085 0.3420201433256689
vn 0 0.9396926207859084 -0.3420201433256687
vn 1 0 0
vn -1 0 0
vn 0 0.3420201433256689 0.9396926207859085
vn 0 -0.34202014332566893 -0.9396926207859085
vn 0 -0.9396926207859085 0.3420201433256689
vn 0 0.9396926207859084 -0.3420201433256687
vn 1 0 0
vn -1 0 0
vn 0 1 0
vn 0 -1 0
vn 0 0 1
vn 0 0 -1
vn 1 0 0
vn -1 0 0
vn 0 0.34202014332566877 -0.9396926207859085
vn 0 -0.34202014332566877 0.9396926207859085
vn 0 0.9396926207859084 0.34202014332566866
vn 0 -0.9396926207859084 -0.34202014332566866
vn 1 0 0
vn -1 0 0
vn 0 1 0
vn 0 -1 0
vn 0 0 1
vn 0 0 -1
vn 1 0 0
vn -1 0 0
vn 0 1 0
vn 0 -1 0
vn 0 0 1
vn 0 0 -1
vn 1 0 0
vn -1 0 0
vn 0 1 0
vn 0 -1 0
vn 0 0 1
vn 0 0 -1
vn 1 0 0
vn -1 0 0
vn 0 1 0
vn 0 -1 0
vn 0 0 1
vn 0 0 -1
vn 1 0 0
vn -1 0 0
vn 0 1 0
vn 0 -1 0
vn 0 0 1
vn 0 0 -1
vn 1 0 0
vn -1 0 0
vn 0 1 0
vn 0 -1 0
vn 0 0 1
vn 0 0 -1
vn 1 0 0
vn -1 0 0
vn 0 1 0
vn 0 -1 0
vn 0 0 1
vn 0 0 -1
vn 1 0 0
vn -1 0 0
vn 0 1 0
vn 0 -1 0
vn 0 0 1
vn 0 0 -1
vn 1 0 0
vn -1 0 0
vn 0 1 0
vn 0 -1 0
vn 0 0 1
vn 0 0 -1
vn 1 0 0
vn -1 0 0
vn 0 1 0
vn 0 -1 0
vn 0 0 1
vn 0 0 -1
vn 1 0 0
vn -1 0 0
vn 0 1 0
vn 0 -1 0
vn 0 0 1
vn 0 0 -1
vn 1 0 0
vn -1 0 0
vn 0 1 0
vn 0 -1 0
vn 0 0 1
vn 0 0 -1
vn 0.7071066525923528 -0.5000000992766624 0.5000000825829585
vn -0.7071066525923523 0.5000000992766637 -0.5000000825829581
vn 0.5684125339530129 -0.01867528059476442 -0.822531716798703
vn -0.568412533953014 0.018675280594764393 0.8225317167987022
vn 0.4206035818971974 0.8658239628342673 0.2710009082590184
vn -0.4206035818971969 -0.8658239628342679 -0.271000908259018
vn 0.7071066525923528 -0.5000000992766624 0.5000000825829585
vn -0.7071066525923523 0.5000000992766637 -0.5000000825829581
vn 0.5684125339530129 -0.01867528059476442 -0.822531716798703
vn -0.568412533953014 0.018675280594764393 0.8225317167987022
vn 0.4206035818971974 0.8658239628342673 0.2710009082590184
vn -0.4206035818971969 -0.8658239628342679 -0.271000908259018
vn 0.7071066525923528 -0.5000000992766624 0.5000000825829585
vn -0.7071066525923523 0.5000000992766637 -0.5000000825829581
vn 0.5684125339530129 -0.01867528059476442 -0.822531716798703
vn -0.568412533953014 0.018675280594764393 0.8225317167987022
vn 0.4206035818971974 0.8658239628342673 0.2710009082590184
vn -0.4206035818971969 -0.8658239628342679 -0.271000908259018
vn 1 0 0
vn -1 0 0
vn 0 2.205837851557877e-16 1
vn 0 -2.220446049250313e-16 -1
vn 0 -1 0
vn 0 1 0
vn 0.9782529376257307 -0.20696412885549065 0.013676234632245203
vn -0.9782529376257306 0.20696412885549087 -0.013676234632246547
vn 0.2027097280341745 0.9679436594388265 0.14830319724295896
vn -0.20270972803417467 -0.9679436594388275 -0.14830319724295216
vn -0.04393126662115265 -0.1423057325593748 0.9888473705753588
vn 0.043931266621151564 0.1423057325593749 -0.9888473705753589
vn 0.5684086390331814 -0.7014705162070451 0.4299427100959711
vn -0.5684086390331814 0.7014705162070451 -0.42994271009597107
vn 0.5884004302275307 -0.018666645847711126 -0.8083541860105957
vn -0.5884004302275321 0.01866664584771149 0.8083541860105948
vn 0.5750622164431449 0.7124539783207176 0.4021352707665422
vn -0.5750622164431451 -0.7124539783207172 -0.4021352707665423
vn 0.5684086390331813 -0.701470516207045 0.4299427100959712
vn -0.5684086390331807 0.7014705162070458 -0.4299427100959707
vn 0.5884004302275316 -0.018666645847712167 -0.808354186010595
vn -0.588400430227531 0.0186666458477115 0.8083541860105956
vn 0.5750622164431449 0.7124539783207176 0.40213527076654204
vn -0.5750622164431447 -0.7124539783207179 -0.4021352707665418
vn 0.5684086390331808 -0.7014705162070458 0.42994271009597057
vn -0.5684086390331813 0.7014705162070455 -0.42994271009597096
vn 0.5884004302275316 -0.018666645847710113 -0.8083541860105952
vn -0.5884004302275314 0.018666645847710755 0.8083541860105953
vn 0.5750622164431446 0.712453978320718 0.40213527076654193
vn -0.5750622164431449 -0.7124539783207177 -0.4021352707665422
vn 2.220446049250313e-16 0 1
vn -2.220446049250313e-16 0 -1
vn 0 1 0
vn 0 -1 0
vn -1 0 4.440892098500626e-16
vn 1 0 -4.440892098500626e-16
vn 0 0 1
vn -2.220446049250313e-16 0 -1
vn 0 1 0
vn 0 -1 0
vn -1 0 0
vn 1 0 0
vn -0.5000000825829586 -0.5000000992766621 0.7071066525923531
vn 0.5000000825829577 0.5000000992766652 -0.7071066525923515
vn 0.8225317167987035 -0.018675280594764646 0.5684125339530121
vn -0.8225317167987033 0.018675280594764546 -0.5684125339530125
vn -0.2710009082590186 0.8658239628342671 0.42060358189719765
vn 0.27100090825902134 -0.8658239628342647 -0.4206035818972014
vn -0.5000000825829577 -0.5000000992766652 0.7071066525923515
vn 0.5000000825829584 0.5000000992766621 -0.7071066525923534
vn 0.8225317167987037 -0.018675280594764764 0.568412533953012
vn -0.8225317167987032 0.01867528059476461 -0.5684125339530126
vn -0.2710009082590245 0.8658239628342611 0.4206035818972066
vn 0.271000908259021 -0.8658239628342647 -0.4206035818972016
vn -0.5000000825829563 -0.5000000992766683 0.7071066525923503
vn 0.5000000825829584 0.5000000992766621 -0.7071066525923534
vn 0.8225317167987036 -0.01867528059476494 0.568412533953012
vn -0.8225317167987032 0.018675280594764497 -0.5684125339530126
vn -0.2710009082590245 0.8658239628342611 0.4206035818972066
vn 0.27100090825901785 -0.8658239628342675 -0.42060358189719715
vn 2.96059473233375e-16 0 1
vn -2.220446049250313e-16 0 -1
vn 0 1 0
vn 0 -1 0
vn -1 0 0
vn 1 0 -2.9605947323337506e-16
vn 0 0 1
vn -2.220446049250313e-16 0 -1
vn 0 1 0
vn 0 -1 0
vn -1 0 0
vn 1 0 -2.220446049250313e-16
vn 1 0 0
vn -1 0 0
vn 0 0.3826834323650899 0.9238795325112867
vn 0 -0.3826834323650899 -0.9238795325112867
vn 0 -0.923879532511287 0.3826834323650892
vn 0 0.923879532511287 -0.3826834323650893
vn -1 0 0
vn 1 0 0
vn 0 -0.7071067994366684 -0.7071067629364262
vn 0 0.7071067994366684 0.7071067629364262
vn 0 -0.7071067629364266 0.707106799436668
vn 0 0.7071067629364266 -0.707106799436668
vn -1 1.6148698540002272e-16 -4.167909587987297e-24
vn 1 -1.6148698540002272e-16 4.167909587987297e-24
vn 0 -2.58095683007427e-8 -0.9999999999999997
vn 0 2.58095683007427e-8 0.9999999999999997
vn 0 -0.9999999999999998 2.5809569592638575e-8
vn 0 0.9999999999999998 -2.5809569592638575e-8
vn -0.9762960071199334 0.21561599634903297 0.018863949747836034
vn 0.9762960071199334 -0.21561599634903292 -0.01886394974783603
vn 3.2297397080004565e-16 0.08715571703630282 -0.9961947003411974
vn -4.844609562000683e-16 -0.08715571703630305 0.9961947003411974
vn -0.21643961393810157 -0.9725809082571499 -0.08508977854021611
vn 0.21643961393810332 0.9725809082571494 0.08508977854021767
vn -0.3420204895367811 0.9361166897063602 0.0818994993283039
vn 0.3420204895367804 -0.9361166897063606 -0.0818994993283021
vn 0.3596052929253893 0.21090900368405438 -0.9089562285748662
vn -0.3596052929253892 -0.2109090036840539 0.9089562285748664
vn -0.8681624375870374 -0.2814301608182844 -0.4087677171019358
vn 0.8681624375870368 0.28143016081828465 0.40876771710193666
vn -1 0 0
vn 1 0 0
vn 0 -0.9999999999999997 2.580956817155312e-8
vn 0 0.9999999999999997 -2.5809568171553102e-8
vn 0 2.5809567816281736e-8 0.9999999999999998
vn 0 -2.5809569592638575e-8 -0.9999999999999998
vn 0 1 0
vn 0 -1 0
vn -0.38268343236508984 3.5035241990459045e-16 0.9238795325112867
vn 0.38268343236509006 0 -0.9238795325112868
vn 0.9238795325112868 -7.618430715004539e-16 0.3826834323650899
vn -0.9238795325112865 8.162604337504855e-16 -0.3826834323650905
vn 0 1 0
vn 0 -1 0
vn -0.7071067811865476 0 0.7071067811865475
vn 0.7071067811865476 0 -0.7071067811865476
vn 0.7071067811865471 0 0.707106781186548
vn -0.7071067811865478 0 -0.7071067811865474
vn 0 1 0
vn 0 -1 0
vn -0.9238795325112867 0 0.38268343236508984
vn 0.9238795325112867 0 -0.38268343236508984
vn 0.3826834323650901 0 0.9238795325112866
vn -0.3826834323650901 0 -0.9238795325112866
vn 0 1 0
vn 0 -1 0
vn -1.77635683940025e-16 7.888609052210116e-32 1
vn 1.77635683940025e-16 0 -1
vn 1 -8.881784197001252e-16 0
vn -1 4.440892098500626e-16 -4.440892098500626e-16
vn 1 0 0
vn -1 0 0
vn 0 0.7071067811865474 0.7071067811865477
vn 0 -0.7071067811865476 -0.7071067811865476
vn 0 -0.7071067811865472 0.7071067811865478
vn 0 0.7071067811865474 -0.7071067811865477
vn 1 0 0
vn -1 0 0
vn 0 0.9238795325112868 0.38268343236508984
vn 0 -0.9238795325112868 -0.38268343236508967
vn 0 -0.382683432365089 0.9238795325112872
vn 0 0.3826834323650895 -0.923879532511287
vn 1 0 0
vn -1 0 0
vn 0 2.205837851557877e-16 1
vn 0 -2.220446049250313e-16 -1
vn 0 -1 0
vn 0 1 0
vn 1 0 0
vn -1 0 0
vn 0 0.3826834323650899 0.9238795325112867
vn 0 -0.3826834323650899 -0.9238795325112867
vn 0 -0.923879532511287 0.3826834323650892
vn 0 0.923879532511287 -0.3826834323650893
vn 1 0 0
vn -1 0 0
vn 0 0.7071067811865474 0.7071067811865477
vn 0 -0.7071067811865476 -0.7071067811865476
vn 0 -0.7071067811865472 0.7071067811865478
vn 0 0.7071067811865474 -0.7071067811865477
vn 1 0 0
vn -1 0 0
vn 0 0.9238795325112868 0.38268343236508984
vn 0 -0.9238795325112868 -0.38268343236508967
vn 0 -0.382683432365089 0.9238795325112872
vn 0 0.3826834323650895 -0.923879532511287
usemtl m_e1bc4043-df86-8f2c-56d5-d671a67f101b
f 5/1/1 3/2/1 2/3/1 4/4/1
f 8/5/2 6/6/2 7/7/2 9/8/2
f 2/9/3 3/10/3 7/11/3 6/12/3
f 5/13/4 4/14/4 8/15/4 9/16/4
f 4/17/5 2/18/5 6/19/5 8/20/5
f 9/21/6 7/22/6 3/23/6 5/24/6
f 13/25/7 11/26/7 10/27/7 12/28/7
f 16/29/8 14/30/8 15/31/8 17/32/8
f 10/33/9 11/34/9 15/35/9 14/36/9
f 13/37/10 12/38/10 16/39/10 17/40/10
f 12/41/11 10/42/11 14/43/11 16/44/11
f 17/45/12 15/46/12 11/47/12 13/48/12
f 21/49/13 19/50/13 18/51/13 20/52/13
f 24/53/14 22/54/14 23/55/14 25/56/14
f 18/57/15 19/58/15 23/59/15 22/60/15
f 21/61/16 20/62/16 24/63/16 25/64/16
f 20/65/17 18/66/17 22/67/17 24/68/17
f 25/69/18 23/70/18 19/71/18 21/72/18
f 29/73/19 27/74/19 26/75/19 28/76/19
f 32/77/20 30/78/20 31/79/20 33/80/20
f 26/81/21 27/82/21 31/83/21 30/84/21
f 29/85/22 28/86/22 32/87/22 33/88/22
f 28/89/23 26/90/23 30/91/23 32/92/23
f 33/93/24 31/94/24 27/95/24 29/96/24
f 37/97/25 35/98/25 34/99/25 36/100/25
f 40/101/26 38/102/26 39/103/26 41/104/26
f 34/105/27 35/106/27 39/107/27 38/108/27
f 37/109/28 36/110/28 40/111/28 41/112/28
f 36/113/29 34/114/29 38/115/29 40/116/29
f 41/117/30 39/118/30 35/119/30 37/120/30
f 45/121/31 43/122/31 42/123/31 44/124/31
f 48/125/32 46/126/32 47/127/32 49/128/32
f 42/129/33 43/130/33 47/131/33 46/132/33
f 45/133/34 44/134/34 48/135/34 49/136/34
f 44/137/35 42/138/35 46/139/35 48/140/35
f 49/141/36 47/142/36 43/143/36 45/144/36
f 53/145/37 51/146/37 50/147/37 52/148/37
f 56/149/38 54/150/38 55/151/38 57/152/38
f 50/153/39 51/154/39 55/155/39 54/156/39
f 53/157/40 52/158/40 56/159/40 57/160/40
f 52/161/41 50/162/41 54/163/41 56/164/41
f 57/165/42 55/166/42 51/167/42 53/168/42
f 61/169/43 59/170/43 58/171/43 60/172/43
f 64/173/44 62/174/44 63/175/44 65/176/44
f 58/177/45 59/178/45 63/179/45 62/180/45
f 61/181/46 60/182/46 64/183/46 65/184/46
f 60/185/47 58/186/47 62/187/47 64/188/47
f 65/189/48 63/190/48 59/191/48 61/192/48
f 69/193/49 67/194/49 66/195/49 68/196/49
f 72/197/50 70/198/50 71/199/50 73/200/50
f 66/201/51 67/202/51 71/203/51 70/204/51
f 69/205/52 68/206/52 72/207/52 73/208/52
f 68/209/53 66/210/53 70/211/53 72/212/53
f 73/213/54 71/214/54 67/215/54 69/216/54
f 77/217/55 75/218/55 74/219/55 76/220/55
f 80/221/56 78/222/56 79/223/56 81/224/56
f 74/225/57 75/226/57 79/227/57 78/228/57
f 77/229/58 76/230/58 80/231/58 81/232/58
f 76/233/59 74/234/59 78/235/59 80/236/59
f 81/237/60 79/238/60 75/239/60 77/240/60
f 85/241/61 83/242/61 82/243/61 84/244/61
f 88/245/62 86/246/62 87/247/62 89/248/62
f 82/249/63 83/250/63 87/251/63 86/252/63
f 85/253/64 84/254/64 88/255/64 89/256/64
f 84/257/65 82/258/65 86/259/65 88/260/65
f 89/261/66 87/262/66 83/263/66 85/264/66
f 93/265/67 91/266/67 90/267/67 92/268/67
f 96/269/68 94/270/68 95/271/68 97/272/68
f 90/273/69 91/274/69 95/275/69 94/276/69
f 93/277/70 92/278/70 96/279/70 97/280/70
f 92/281/71 90/282/71 94/283/71 96/284/71
f 97/285/72 95/286/72 91/287/72 93/288/72
f 101/289/73 99/290/73 98/291/73 100/292/73
f 104/293/74 102/294/74 103/295/74 105/296/74
f 98/297/75 99/298/75 103/299/75 102/300/75
f 101/301/76 100/302/76 104/303/76 105/304/76
f 100/305/77 98/306/77 102/307/77 104/308/77
f 105/309/78 103/310/78 99/311/78 101/312/78
f 109/313/79 107/314/79 106/315/79 108/316/79
f 112/317/80 110/318/80 111/319/80 113/320/80
f 106/321/81 107/322/81 111/323/81 110/324/81
f 109/325/82 108/326/82 112/327/82 113/328/82
f 108/329/83 106/330/83 110/331/83 112/332/83
f 113/333/84 111/334/84 107/335/84 109/336/84
f 117/337/85 115/338/85 114/339/85 116/340/85
f 120/341/86 118/342/86 119/343/86 121/344/86
f 114/345/87 115/346/87 119/347/87 118/348/87
f 117/349/88 116/350/88 120/351/88 121/352/88
f 116/353/89 114/354/89 118/355/89 120/356/89
f 121/357/90 119/358/90 115/359/90 117/360/90
f 125/361/91 123/362/91 122/363/91 124/364/91
f 128/365/92 126/366/92 127/367/92 129/368/92
f 122/369/93 123/370/93 127/371/93 126/372/93
f 125/373/94 124/374/94 128/375/94 129/376/94
f 124/377/95 122/378/95 126/379/95 128/380/95
f 129/381/96 127/382/96 123/383/96 125/384/96
f 133/385/97 131/386/97 130/387/97 132/388/97
f 136/389/98 134/390/98 135/391/98 137/392/98
f 130/393/99 131/394/99 135/395/99 134/396/99
f 133/397/100 132/398/100 136/399/100 137/400/100
f 132/401/101 130/402/101 134/403/101 136/404/101
f 137/405/102 135/406/102 131/407/102 133/408/102
f 141/409/103 139/410/103 138/411/103 140/412/103
f 144/413/104 142/414/104 143/415/104 145/416/104
f 138/417/105 139/418/105 143/419/105 142/420/105
f 141/421/106 140/422/106 144/423/106 145/424/106
f 140/425/107 138/426/107 142/427/107 144/428/107
f 145/429/108 143/430/108 139/431/108 141/432/108
f 149/433/109 147/434/109 146/435/109 148/436/109
f 152/437/110 150/438/110 151/439/110 153/440/110
f 146/441/111 147/442/111 151/443/111 150/444/111
f 149/445/112 148/446/112 152/447/112 153/448/112
f 148/449/113 146/450/113 150/451/113 152/452/113
f 153/453/114 151/454/114 147/455/114 149/456/114
f 156/457/115 155/458/115 154/459/115 1/460/115
f 159/461/116 157/462/116 158/463/116 160/464/116
f 154/465/117 155/466/117 158/467/117 157/468/117
f 156/469/118 1/470/118 159/471/118 160/472/118
f 1/473/119 154/474/119 157/475/119 159/476/119
f 160/477/120 158/478/120 155/479/120 156/480/120
f 164/481/121 162/482/121 161/483/121 163/484/121
f 167/485/122 165/486/122 166/487/122 168/488/122
f 161/489/123 162/490/123 166/491/123 165/492/123
f 164/493/124 163/494/124 167/495/124 168/496/124
f 163/497/125 161/498/125 165/499/125 167/500/125
f 168/501/126 166/502/126 162/503/126 164/504/126
f 172/505/127 170/506/127 169/507/127 171/508/127
f 175/509/128 173/510/128 174/511/128 176/512/128
f 169/513/129 170/514/129 174/515/129 173/516/129
f 172/517/130 171/518/130 175/519/130 176/520/130
f 171/521/131 169/522/131 173/523/131 175/524/131
f 176/525/132 174/526/132 170/527/132 172/528/132
f 180/529/133 178/530/133 177/531/133 179/532/133
f 183/533/134 181/534/134 182/535/134 184/536/134
f 177/537/135 178/538/135 182/539/135 181/540/135
f 180/541/136 179/542/136 183/543/136 184/544/136
f 179/545/137 177/546/137 181/547/137 183/548/137
f 184/549/138 182/550/138 178/551/138 180/552/138
f 188/553/139 186/554/139 185/555/139 187/556/139
f 191/557/140 189/558/140 190/559/140 192/560/140
f 185/561/141 186/562/141 190/563/141 189/564/141
f 188/565/142 187/566/142 191/567/142 192/568/142
f 187/569/143 185/570/143 189/571/143 191/572/143
f 192/573/144 190/574/144 186/575/144 188/576/144
f 196/577/145 194/578/145 193/579/145 195/580/145
f 199/581/146 197/582/146 198/583/146 200/584/146
f 193/585/147 194/586/147 198/587/147 197/588/147
f 196/589/148 195/590/148 199/591/148 200/592/148
f 195/593/149 193/594/149 197/595/149 199/596/149
f 200/597/150 198/598/150 194/599/150 196/600/150
f 204/601/151 202/602/151 201/603/151 203/604/151
f 207/605/152 205/606/152 206/607/152 208/608/152
f 201/609/153 202/610/153 206/611/153 205/612/153
f 204/613/154 203/614/154 207/615/154 208/616/154
f 203/617/155 201/618/155 205/619/155 207/620/155
f 208/621/156 206/622/156 202/623/156 204/624/156
f 212/625/157 210/626/157 209/627/157 211/628/157
f 215/629/158 213/630/158 214/631/158 216/632/158
f 209/633/159 210/634/159 214/635/159 213/636/159
f 212/637/160 211/638/160 215/639/160 216/640/160
f 211/641/161 209/642/161 213/643/161 215/644/161
f 216/645/162 214/646/162 210/647/162 212/648/162
f 220/649/163 218/650/163 217/651/163 219/652/163
f 223/653/164 221/654/164 222/655/164 224/656/164
f 217/657/165 218/658/165 222/659/165 221/660/165
f 220/661/166 219/662/166 223/663/166 224/664/166
f 219/665/167 217/666/167 221/667/167 223/668/167
f 224/669/168 222/670/168 218/671/168 220/672/168
f 228/673/169 226/674/169 225/675/169 227/676/169
f 231/677/170 229/678/170 230/679/170 232/680/170
f 225/681/171 226/682/171 230/683/171 229/684/171
f 228/685/172 227/686/172 231/687/172 232/688/172
f 227/689/173 225/690/173 229/691/173 231/692/173
f 232/693/174 230/694/174 226/695/174 228/696/174
f 236/697/175 234/698/175 233/699/175 235/700/175
f 239/701/176 237/702/176 238/703/176 240/704/176
f 233/705/177 234/706/177 238/707/177 237/708/177
f 236/709/178 235/710/178 239/711/178 240/712/178
f 235/713/179 233/714/179 237/715/179 239/716/179
f 240/717/180 238/718/180 234/719/180 236/720/180
f 244/721/181 242/722/181 241/723/181 243/724/181
f 247/725/182 245/726/182 246/727/182 248/728/182
f 241/729/183 242/730/183 246/731/183 245/732/183
f 244/733/184 243/734/184 247/735/184 248/736/184
f 243/737/185 241/738/185 245/739/185 247/740/185
f 248/741/186 246/742/186 242/743/186 244/744/186
f 252/745/187 250/746/187 249/747/187 251/748/187
f 255/749/188 253/750/188 254/751/188 256/752/188
f 249/753/189 250/754/189 254/755/189 253/756/189
f 252/757/190 251/758/190 255/759/190 256/760/190
f 251/761/191 249/762/191 253/763/191 255/764/191
f 256/765/192 254/766/192 250/767/192 252/768/192
f 260/769/193 258/770/193 257/771/193 259/772/193
f 263/773/194 261/774/194 262/775/194 264/776/194
f 257/777/195 258/778/195 262/779/195 261/780/195
f 260/781/196 259/782/196 263/783/196 264/784/196
f 259/785/197 257/786/197 261/787/197 263/788/197
f 264/789/198 262/790/198 258/791/198 260/792/198
f 268/793/199 266/794/199 265/795/199 267/796/199
f 271/797/200 269/798/200 270/799/200 272/800/200
f 265/801/201 266/802/201 270/803/201 269/804/201
f 268/805/202 267/806/202 271/807/202 272/808/202
f 267/809/203 265/810/203 269/811/203 271/812/203
f 272/813/204 270/814/204 266/815/204 268/816/204
f 276/817/205 274/818/205 273/819/205 275/820/205
f 279/821/206 277/822/206 278/823/206 280/824/206
f 273/825/207 274/826/207 278/827/207 277/828/207
f 276/829/208 275/830/208 279/831/208 280/832/208
f 275/833/209 273/834/209 277/835/209 279/836/209
f 280/837/210 278/838/210 274/839/210 276/840/210
f 284/841/211 282/842/211 281/843/211 283/844/211
f 287/845/212 285/846/212 286/847/212 288/848/212
f 281/849/213 282/850/213 286/851/213 285/852/213
f 284/853/214 283/854/214 287/855/214 288/856/214
f 283/857/215 281/858/215 285/859/215 287/860/215
f 288/861/216 286/862/216 282/863/216 284/864/216
f 292/865/217 290/866/217 289/867/217 291/868/217
f 295/869/218 293/870/218 294/871/218 296/872/218
f 289/873/219 290/874/219 294/875/219 293/876/219
f 292/877/220 291/878/220 295/879/220 296/880/220
f 291/881/221 289/882/221 293/883/221 295/884/221
f 296/885/222 294/886/222 290/887/222 292/888/222
f 300/889/223 298/890/223 297/891/223 299/892/223
f 303/893/224 301/894/224 302/895/224 304/896/224
f 297/897/225 298/898/225 302/899/225 301/900/225
f 300/901/226 299/902/226 303/903/226 304/904/226
f 299/905/227 297/906/227 301/907/227 303/908/227
f 304/909/228 302/910/228 298/911/228 300/912/228
f 308/913/229 306/914/229 305/915/229 307/916/229
f 311/917/230 309/918/230 310/919/230 312/920/230
f 305/921/231 306/922/231 310/923/231 309/924/231
f 308/925/232 307/926/232 311/927/232 312/928/232
f 307/929/233 305/930/233 309/931/233 311/932/233
f 312/933/234 310/934/234 306/935/234 308/936/234
f 316/937/235 314/938/235 313/939/235 315/940/235
f 319/941/236 317/942/236 318/943/236 320/944/236
f 313/945/237 314/946/237 318/947/237 317/948/237
f 316/949/238 315/950/238 319/951/238 320/952/238
f 315/953/239 313/954/239 317/955/239 319/956/239
f 320/957/240 318/958/240 314/959/240 316/960/240
f 324/961/241 322/962/241 321/963/241 323/964/241
f 327/965/242 325/966/242 326/967/242 328/968/242
f 321/969/243 322/970/243 326/971/243 325/972/243
f 324/973/244 323/974/244 327/975/244 328/976/244
f 323/977/245 321/978/245 325/979/245 327/980/245
f 328/981/246 326/982/246 322/983/246 324/984/246
f 332/985/247 330/986/247 329/987/247 331/988/247
f 335/989/248 333/990/248 334/991/248 336/992/248
f 329/993/249 330/994/249 334/995/249 333/996/249
f 332/997/250 331/998/250 335/999/250 336/1000/250
f 331/1001/251 329/1002/251 333/1003/251 335/1004/251
f 336/1005/252 334/1006/252 330/1007/252 332/1008/252
f 340/1009/253 338/1010/253 337/1011/253 339/1012/253
f 343/1013/254 341/1014/254 342/1015/254 344/1016/254
f 337/1017/255 338/1018/255 342/1019/255 341/1020/255
f 340/1021/256 339/1022/256 343/1023/256 344/1024/256
f 339/1025/257 337/1026/257 341/1027/257 343/1028/257
f 344/1029/258 342/1030/258 338/1031/258 340/1032/258
f 348/1033/259 346/1034/259 345/1035/259 347/1036/259
f 351/1037/260 349/1038/260 350/1039/260 352/1040/260
f 345/1041/261 346/1042/261 350/1043/261 349/1044/261
f 348/1045/262 347/1046/262 351/1047/262 352/1048/262
f 347/1049/263 345/1050/263 349/1051/263 351/1052/263
f 352/1053/264 350/1054/264 346/1055/264 348/1056/264
f 356/1057/265 354/1058/265 353/1059/265 355/1060/265
f 359/1061/266 357/1062/266 358/1063/266 360/1064/266
f 353/1065/267 354/1066/267 358/1067/267 357/1068/267
f 356/1069/268 355/1070/268 359/1071/268 360/1072/268
f 355/1073/269 353/1074/269 357/1075/269 359/1076/269
f 360/1077/270 358/1078/270 354/1079/270 356/1080/270
f 364/1081/271 362/1082/271 361/1083/271 363/1084/271
f 367/1085/272 365/1086/272 366/1087/272 368/1088/272
f 361/1089/273 362/1090/273 366/1091/273 365/1092/273
f 364/1093/274 363/1094/274 367/1095/274 368/1096/274
f 363/1097/275 361/1098/275 365/1099/275 367/1100/275
f 368/1101/276 366/1102/276 362/1103/276 364/1104/276
f 372/1105/277 370/1106/277 369/1107/277 371/1108/277
f 375/1109/278 373/1110/278 374/1111/278 376/1112/278
f 369/1113/279 370/1114/279 374/1115/279 373/1116/279
f 372/1117/280 371/1118/280 375/1119/280 376/1120/280
f 371/1121/281 369/1122/281 373/1123/281 375/1124/281
f 376/1125/282 374/1126/282 370/1127/282 372/1128/282
f 380/1129/283 378/1130/283 377/1131/283 379/1132/283
f 383/1133/284 381/1134/284 382/1135/284 384/1136/284
f 377/1137/285 378/1138/285 382/1139/285 381/1140/285
f 380/1141/286 379/1142/286 383/1143/286 384/1144/286
f 379/1145/287 377/1146/287 381/1147/287 383/1148/287
f 384/1149/288 382/1150/288 378/1151/288 380/1152/288
f 388/1153/289 386/1154/289 385/1155/289 387/1156/289
f 391/1157/290 389/1158/290 390/1159/290 392/1160/290
f 385/1161/291 386/1162/291 390/1163/291 389/1164/291
f 388/1165/292 387/1166/292 391/1167/292 392/1168/292
f 387/1169/293 385/1170/293 389/1171/293 391/1172/293
f 392/1173/294 390/1174/294 386/1175/294 388/1176/294
f 396/1177/295 394/1178/295 393/1179/295 395/1180/295
f 399/1181/296 397/1182/296 398/1183/296 400/1184/296
f 393/1185/297 394/1186/297 398/1187/297 397/1188/297
f 396/1189/298 395/1190/298 399/1191/298 400/1192/298
f 395/1193/299 393/1194/299 397/1195/299 399/1196/299
f 400/1197/300 398/1198/300 394/1199/300 396/1200/300
f 404/1201/301 402/1202/301 401/1203/301 403/1204/301
f 407/1205/302 405/1206/302 406/1207/302 408/1208/302
f 401/1209/303 402/1210/303 406/1211/303 405/1212/303
f 404/1213/304 403/1214/304 407/1215/304 408/1216/304
f 403/1217/305 401/1218/305 405/1219/305 407/1220/305
f 408/1221/306 406/1222/306 402/1223/306 404/1224/306
f 412/1225/307 410/1226/307 409/1227/307 411/1228/307
f 415/1229/308 413/1230/308 414/1231/308 416/1232/308
f 409/1233/309 410/1234/309 414/1235/309 413/1236/309
f 412/1237/310 411/1238/310 415/1239/310 416/1240/310
f 411/1241/311 409/1242/311 413/1243/311 415/1244/311
f 416/1245/312 414/1246/312 410/1247/312 412/1248/312
f 420/1249/313 418/1250/313 417/1251/313 419/1252/313
f 423/1253/314 421/1254/314 422/1255/314 424/1256/314
f 417/1257/315 418/1258/315 422/1259/315 421/1260/315
f 420/1261/316 419/1262/316 423/1263/316 424/1264/316
f 419/1265/317 417/1266/317 421/1267/317 423/1268/317
f 424/1269/318 422/1270/318 418/1271/318 420/1272/318
f 428/1273/319 426/1274/319 425/1275/319 427/1276/319
f 431/1277/320 429/1278/320 430/1279/320 432/1280/320
f 425/1281/321 426/1282/321 430/1283/321 429/1284/321
f 428/1285/322 427/1286/322 431/1287/322 432/1288/322
f 427/1289/323 425/1290/323 429/1291/323 431/1292/323
f 432/1293/324 430/1294/324 426/1295/324 428/1296/324
f 436/1297/325 434/1298/325 433/1299/325 435/1300/325
f 439/1301/326 437/1302/326 438/1303/326 440/1304/326
f 433/1305/327 434/1306/327 438/1307/327 437/1308/327
f 436/1309/328 435/1310/328 439/1311/328 440/1312/328
f 435/1313/329 433/1314/329 437/1315/329 439/1316/329
f 440/1317/330 438/1318/330 434/1319/330 436/1320/330
f 444/1321/331 442/1322/331 441/1323/331 443/1324/331
f 447/1325/332 445/1326/332 446/1327/332 448/1328/332
f 441/1329/333 442/1330/333 446/1331/333 445/1332/333
f 444/1333/334 443/1334/334 447/1335/334 448/1336/334
f 443/1337/335 441/1338/335 445/1339/335 447/1340/335
f 448/1341/336 446/1342/336 442/1343/336 444/1344/336
f 452/1345/337 450/1346/337 449/1347/337 451/1348/337
f 455/1349/338 453/1350/338 454/1351/338 456/1352/338
f 449/1353/339 450/1354/339 454/1355/339 453/1356/339
f 452/1357/340 451/1358/340 455/1359/340 456/1360/340
f 451/1361/341 449/1362/341 453/1363/341 455/1364/341
f 456/1365/342 454/1366/342 450/1367/342 452/1368/342
f 460/1369/343 458/1370/343 457/1371/343 459/1372/343
f 463/1373/344 461/1374/344 462/1375/344 464/1376/344
f 457/1377/345 458/1378/345 462/1379/345 461/1380/345
f 460/1381/346 459/1382/346 463/1383/346 464/1384/346
f 459/1385/347 457/1386/347 461/1387/347 463/1388/347
f 464/1389/348 462/1390/348 458/1391/348 460/1392/348
f 468/1393/349 466/1394/349 465/1395/349 467/1396/349
f 471/1397/350 469/1398/350 470/1399/350 472/1400/350
f 465/1401/351 466/1402/351 470/1403/351 469/1404/351
f 468/1405/352 467/1406/352 471/1407/352 472/1408/352
f 467/1409/353 465/1410/353 469/1411/353 471/1412/353
f 472/1413/354 470/1414/354 466/1415/354 468/1416/354
f 476/1417/355 474/1418/355 473/1419/355 475/1420/355
f 479/1421/356 477/1422/356 478/1423/356 480/1424/356
f 473/1425/357 474/1426/357 478/1427/357 477/1428/357
f 476/1429/358 475/1430/358 479/1431/358 480/1432/358
f 475/1433/359 473/1434/359 477/1435/359 479/1436/359
f 480/1437/360 478/1438/360 474/1439/360 476/1440/360
f 484/1441/361 482/1442/361 481/1443/361 483/1444/361
f 487/1445/362 485/1446/362 486/1447/362 488/1448/362
f 481/1449/363 482/1450/363 486/1451/363 485/1452/363
f 484/1453/364 483/1454/364 487/1455/364 488/1456/364
f 483/1457/365 481/1458/365 485/1459/365 487/1460/365
f 488/1461/366 486/1462/366 482/1463/366 484/1464/366
f 492/1465/367 490/1466/367 489/1467/367 491/1468/367
f 495/1469/368 493/1470/368 494/1471/368 496/1472/368
f 489/1473/369 490/1474/369 494/1475/369 493/1476/369
f 492/1477/370 491/1478/370 495/1479/370 496/1480/370
f 491/1481/371 489/1482/371 493/1483/371 495/1484/371
f 496/1485/372 494/1486/372 490/1487/372 492/1488/372
f 500/1489/373 498/1490/373 497/1491/373 499/1492/373
f 503/1493/374 501/1494/374 502/1495/374 504/1496/374
f 497/1497/375 498/1498/375 502/1499/375 501/1500/375
f 500/1501/376 499/1502/376 503/1503/376 504/1504/376
f 499/1505/377 497/1506/377 501/1507/377 503/1508/377
f 504/1509/378 502/1510/378 498/1511/378 500/1512/378
f 508/1513/379 506/1514/379 505/1515/379 507/1516/379
f 511/1517/380 509/1518/380 510/1519/380 512/1520/380
f 505/1521/381 506/1522/381 510/1523/381 509/1524/381
f 508/1525/382 507/1526/382 511/1527/382 512/1528/382
f 507/1529/383 505/1530/383 509/1531/383 511/1532/383
f 512/1533/384 510/1534/384 506/1535/384 508/1536/384
f 516/1537/385 514/1538/385 513/1539/385 515/1540/385
f 519/1541/386 517/1542/386 518/1543/386 520/1544/386
f 513/1545/387 514/1546/387 518/1547/387 517/1548/387
f 516/1549/388 515/1550/388 519/1551/388 520/1552/388
f 515/1553/389 513/1554/389 517/1555/389 519/1556/389
f 520/1557/390 518/1558/390 514/1559/390 516/1560/390
f 524/1561/391 522/1562/391 521/1563/391 523/1564/391
f 527/1565/392 525/1566/392 526/1567/392 528/1568/392
f 521/1569/393 522/1570/393 526/1571/393 525/1572/393
f 524/1573/394 523/1574/394 527/1575/394 528/1576/394
f 523/1577/395 521/1578/395 525/1579/395 527/1580/395
f 528/1581/396 526/1582/396 522/1583/396 524/1584/396
f 532/1585/397 530/1586/397 529/1587/397 531/1588/397
f 535/1589/398 533/1590/398 534/1591/398 536/1592/398
f 529/1593/399 530/1594/399 534/1595/399 533/1596/399
f 532/1597/400 531/1598/400 535/1599/400 536/1600/400
f 531/1601/401 529/1602/401 533/1603/401 535/1604/401
f 536/1605/402 534/1606/402 530/1607/402 532/1608/402
f 540/1609/403 538/1610/403 537/1611/403 539/1612/403
f 543/1613/404 541/1614/404 542/1615/404 544/1616/404
f 537/1617/405 538/1618/405 542/1619/405 541/1620/405
f 540/1621/406 539/1622/406 543/1623/406 544/1624/406
f 539/1625/407 537/1626/407 541/1627/407 543/1628/407
f 544/1629/408 542/1630/408 538/1631/408 540/1632/408
f 548/1633/409 546/1634/409 545/1635/409 547/1636/409
f 551/1637/410 549/1638/410 550/1639/410 552/1640/410
f 545/1641/411 546/1642/411 550/1643/411 549/1644/411
f 548/1645/412 547/1646/412 551/1647/412 552/1648/412
f 547/1649/413 545/1650/413 549/1651/413 551/1652/413
f 552/1653/414 550/1654/414 546/1655/414 548/1656/414
f 556/1657/415 554/1658/415 553/1659/415 555/1660/415
f 559/1661/416 557/1662/416 558/1663/416 560/1664/416
f 553/1665/417 554/1666/417 558/1667/417 557/1668/417
f 556/1669/418 555/1670/418 559/1671/418 560/1672/418
f 555/1673/419 553/1674/419 557/1675/419 559/1676/419
f 560/1677/420 558/1678/420 554/1679/420 556/1680/420
f 564/1681/421 562/1682/421 561/1683/421 563/1684/421
f 567/1685/422 565/1686/422 566/1687/422 568/1688/422
f 561/1689/423 562/1690/423 566/1691/423 565/1692/423
f 564/1693/424 563/1694/424 567/1695/424 568/1696/424
f 563/1697/425 561/1698/425 565/1699/425 567/1700/425
f 568/1701/426 566/1702/426 562/1703/426 564/1704/426
f 572/1705/427 570/1706/427 569/1707/427 571/1708/427
f 575/1709/428 573/1710/428 574/1711/428 576/1712/428
f 569/1713/429 570/1714/429 574/1715/429 573/1716/429
f 572/1717/430 571/1718/430 575/1719/430 576/1720/430
f 571/1721/431 569/1722/431 573/1723/431 575/1724/431
f 576/1725/432 574/1726/432 570/1727/432 572/1728/432
f 580/1729/433 578/1730/433 577/1731/433 579/1732/433
f 583/1733/434 581/1734/434 582/1735/434 584/1736/434
f 577/1737/435 578/1738/435 582/1739/435 581/1740/435
f 580/1741/436 579/1742/436 583/1743/436 584/1744/436
f 579/1745/437 577/1746/437 581/1747/437 583/1748/437
f 584/1749/438 582/1750/438 578/1751/438 580/1752/438
f 588/1753/439 586/1754/439 585/1755/439 587/1756/439
f 591/1757/440 589/1758/440 590/1759/440 592/1760/440
f 585/1761/441 586/1762/441 590/1763/441 589/1764/441
f 588/1765/442 587/1766/442 591/1767/442 592/1768/442
f 587/1769/443 585/1770/443 589/1771/443 591/1772/443
f 592/1773/444 590/1774/444 586/1775/444 588/1776/444
f 596/1777/445 594/1778/445 593/1779/445 595/1780/445
f 599/1781/446 597/1782/446 598/1783/446 600/1784/446
f 593/1785/447 594/1786/447 598/1787/447 597/1788/447
f 596/1789/448 595/1790/448 599/1791/448 600/1792/448
f 595/1793/449 593/1794/449 597/1795/449 599/1796/449
f 600/1797/450 598/1798/450 594/1799/450 596/1800/450
f 604/1801/451 602/1802/451 601/1803/451 603/1804/451
f 607/1805/452 605/1806/452 606/1807/452 608/1808/452
f 601/1809/453 602/1810/453 606/1811/453 605/1812/453
f 604/1813/454 603/1814/454 607/1815/454 608/1816/454
f 603/1817/455 601/1818/455 605/1819/455 607/1820/455
f 608/1821/456 606/1822/456 602/1823/456 604/1824/456
f 612/1825/457 610/1826/457 609/1827/457 611/1828/457
f 615/1829/458 613/1830/458 614/1831/458 616/1832/458
f 609/1833/459 610/1834/459 614/1835/459 613/1836/459
f 612/1837/460 611/1838/460 615/1839/460 616/1840/460
f 611/1841/461 609/1842/461 613/1843/461 615/1844/461
f 616/1845/462 614/1846/462 610/1847/462 612/1848/462
f 620/1849/463 618/1850/463 617/1851/463 619/1852/463
f 623/1853/464 621/1854/464 622/1855/464 624/1856/464
f 617/1857/465 618/1858/465 622/1859/465 621/1860/465
f 620/1861/466 619/1862/466 623/1863/466 624/1864/466
f 619/1865/467 617/1866/467 621/1867/467 623/1868/467
f 624/1869/468 622/1870/468 618/1871/468 620/1872/468
f 628/1873/469 626/1874/469 625/1875/469 627/1876/469
f 631/1877/470 629/1878/470 630/1879/470 632/1880/470
f 625/1881/471 626/1882/471 630/1883/471 629/1884/471
f 628/1885/472 627/1886/472 631/1887/472 632/1888/472
f 627/1889/473 625/1890/473 629/1891/473 631/1892/473
f 632/1893/474 630/1894/474 626/1895/474 628/1896/474
f 636/1897/475 634/1898/475 633/1899/475 635/1900/475
f 639/1901/476 637/1902/476 638/1903/476 640/1904/476
f 633/1905/477 634/1906/477 638/1907/477 637/1908/477
f 636/1909/478 635/1910/478 639/1911/478 640/1912/478
f 635/1913/479 633/1914/479 637/1915/479 639/1916/479
f 640/1917/480 638/1918/480 634/1919/480 636/1920/480
f 644/1921/481 642/1922/481 641/1923/481 643/1924/481
f 647/1925/482 645/1926/482 646/1927/482 648/1928/482
f 641/1929/483 642/1930/483 646/1931/483 645/1932/483
f 644/1933/484 643/1934/484 647/1935/484 648/1936/484
f 643/1937/485 641/1938/485 645/1939/485 647/1940/485
f 648/1941/486 646/1942/486 642/1943/486 644/1944/486
f 652/1945/487 650/1946/487 649/1947/487 651/1948/487
f 655/1949/488 653/1950/488 654/1951/488 656/1952/488
f 649/1953/489 650/1954/489 654/1955/489 653/1956/489
f 652/1957/490 651/1958/490 655/1959/490 656/1960/490
f 651/1961/491 649/1962/491 653/1963/491 655/1964/491
f 656/1965/492 654/1966/492 650/1967/492 652/1968/492
f 660/1969/493 658/1970/493 657/1971/493 659/1972/493
f 663/1973/494 661/1974/494 662/1975/494 664/1976/494
f 657/1977/495 658/1978/495 662/1979/495 661/1980/495
f 660/1981/496 659/1982/496 663/1983/496 664/1984/496
f 659/1985/497 657/1986/497 661/1987/497 663/1988/497
f 664/1989/498 662/1990/498 658/1991/498 660/1992/498
f 668/1993/499 666/1994/499 665/1995/499 667/1996/499
f 671/1997/500 669/1998/500 670/1999/500 672/2000/500
f 665/2001/501 666/2002/501 670/2003/501 669/2004/501
f 668/2005/502 667/2006/502 671/2007/502 672/2008/502
f 667/2009/503 665/2010/503 669/2011/503 671/2012/503
f 672/2013/504 670/2014/504 666/2015/504 668/2016/504
f 676/2017/505 674/2018/505 673/2019/505 675/2020/505
f 679/2021/506 677/2022/506 678/2023/506 680/2024/506
f 673/2025/507 674/2026/507 678/2027/507 677/2028/507
f 676/2029/508 675/2030/508 679/2031/508 680/2032/508
f 675/2033/509 673/2034/509 677/2035/509 679/2036/509
f 680/2037/510 678/2038/510 674/2039/510 676/2040/510
f 684/2041/511 682/2042/511 681/2043/511 683/2044/511
f 687/2045/512 685/2046/512 686/2047/512 688/2048/512
f 681/2049/513 682/2050/513 686/2051/513 685/2052/513
f 684/2053/514 683/2054/514 687/2055/514 688/2056/514
f 683/2057/515 681/2058/515 685/2059/515 687/2060/515
f 688/2061/516 686/2062/516 682/2063/516 684/2064/516
f 692/2065/517 690/2066/517 689/2067/517 691/2068/517
f 695/2069/518 693/2070/518 694/2071/518 696/2072/518
f 689/2073/519 690/2074/519 694/2075/519 693/2076/519
f 692/2077/520 691/2078/520 695/2079/520 696/2080/520
f 691/2081/521 689/2082/521 693/2083/521 695/2084/521
f 696/2085/522 694/2086/522 690/2087/522 692/2088/522
f 700/2089/523 698/2090/523 697/2091/523 699/2092/523
f 703/2093/524 701/2094/524 702/2095/524 704/2096/524
f 697/2097/525 698/2098/525 702/2099/525 701/2100/525
f 700/2101/526 699/2102/526 703/2103/526 704/2104/526
f 699/2105/527 697/2106/527 701/2107/527 703/2108/527
f 704/2109/528 702/2110/528 698/2111/528 700/2112/528
f 708/2113/529 706/2114/529 705/2115/529 707/2116/529
f 711/2117/530 709/2118/530 710/2119/530 712/2120/530
f 705/2121/531 706/2122/531 710/2123/531 709/2124/531
f 708/2125/532 707/2126/532 711/2127/532 712/2128/532
f 707/2129/533 705/2130/533 709/2131/533 711/2132/533
f 712/2133/534 710/2134/534 706/2135/534 708/2136/534
f 716/2137/535 714/2138/535 713/2139/535 715/2140/535
f 719/2141/536 717/2142/536 718/2143/536 720/2144/536
f 713/2145/537 714/2146/537 718/2147/537 717/2148/537
f 716/2149/538 715/2150/538 719/2151/538 720/2152/538
f 715/2153/539 713/2154/539 717/2155/539 719/2156/539
f 720/2157/540 718/2158/540 714/2159/540 716/2160/540
f 724/2161/541 722/2162/541 721/2163/541 723/2164/541
f 727/2165/542 725/2166/542 726/2167/542 728/2168/542
f 721/2169/543 722/2170/543 726/2171/543 725/2172/543
f 724/2173/544 723/2174/544 727/2175/544 728/2176/544
f 723/2177/545 721/2178/545 725/2179/545 727/2180/545
f 728/2181/546 726/2182/546 722/2183/546 724/2184/546
f 732/2185/547 730/2186/547 729/2187/547 731/2188/547
f 735/2189/548 733/2190/548 734/2191/548 736/2192/548
f 729/2193/549 730/2194/549 734/2195/549 733/2196/549
f 732/2197/550 731/2198/550 735/2199/550 736/2200/550
f 731/2201/551 729/2202/551 733/2203/551 735/2204/551
f 736/2205/552 734/2206/552 730/2207/552 732/2208/552
f 740/2209/553 738/2210/553 737/2211/553 739/2212/553
f 743/2213/554 741/2214/554 742/2215/554 744/2216/554
f 737/2217/555 738/2218/555 742/2219/555 741/2220/555
f 740/2221/556 739/2222/556 743/2223/556 744/2224/556
f 739/2225/557 737/2226/557 741/2227/557 743/2228/557
f 744/2229/558 742/2230/558 738/2231/558 740/2232/558
f 748/2233/559 746/2234/559 745/2235/559 747/2236/559
f 751/2237/560 749/2238/560 750/2239/560 752/2240/560
f 745/2241/561 746/2242/561 750/2243/561 749/2244/561
f 748/2245/562 747/2246/562 751/2247/562 752/2248/562
f 747/2249/563 745/2250/563 749/2251/563 751/2252/563
f 752/2253/564 750/2254/564 746/2255/564 748/2256/564
f 756/2257/565 754/2258/565 753/2259/565 755/2260/565
f 759/2261/566 757/2262/566 758/2263/566 760/2264/566
f 753/2265/567 754/2266/567 758/2267/567 757/2268/567
f 756/2269/568 755/2270/568 759/2271/568 760/2272/568
f 755/2273/569 753/2274/569 757/2275/569 759/2276/569
f 760/2277/570 758/2278/570 754/2279/570 756/2280/570
f 764/2281/571 762/2282/571 761/2283/571 763/2284/571
f 767/2285/572 765/2286/572 766/2287/572 768/2288/572
f 761/2289/573 762/2290/573 766/2291/573 765/2292/573
f 764/2293/574 763/2294/574 767/2295/574 768/2296/574
f 763/2297/575 761/2298/575 765/2299/575 767/2300/575
f 768/2301/576 766/2302/576 762/2303/576 764/2304/576
f 772/2305/577 770/2306/577 769/2307/577 771/2308/577
f 775/2309/578 773/2310/578 774/2311/578 776/2312/578
f 769/2313/579 770/2314/579 774/2315/579 773/2316/579
f 772/2317/580 771/2318/580 775/2319/580 776/2320/580
f 771/2321/581 769/2322/581 773/2323/581 775/2324/581
f 776/2325/582 774/2326/582 770/2327/582 772/2328/582
f 780/2329/583 778/2330/583 777/2331/583 779/2332/583
f 783/2333/584 781/2334/584 782/2335/584 784/2336/584
f 777/2337/585 778/2338/585 782/2339/585 781/2340/585
f 780/2341/586 779/2342/586 783/2343/586 784/2344/586
f 779/2345/587 777/2346/587 781/2347/587 783/2348/587
f 784/2349/588 782/2350/588 778/2351/588 780/2352/588
f 788/2353/589 786/2354/589 785/2355/589 787/2356/589
f 791/2357/590 789/2358/590 790/2359/590 792/2360/590
f 785/2361/591 786/2362/591 790/2363/591 789/2364/591
f 788/2365/592 787/2366/592 791/2367/592 792/2368/592
f 787/2369/593 785/2370/593 789/2371/593 791/2372/593
f 792/2373/594 790/2374/594 786/2375/594 788/2376/594
f 796/2377/595 794/2378/595 793/2379/595 795/2380/595
f 799/2381/596 797/2382/596 798/2383/596 800/2384/596
f 793/2385/597 794/2386/597 798/2387/597 797/2388/597
f 796/2389/598 795/2390/598 799/2391/598 800/2392/598
f 795/2393/599 793/2394/599 797/2395/599 799/2396/599
f 800/2397/600 798/2398/600 794/2399/600 796/2400/600
f 804/2401/601 802/2402/601 801/2403/601 803/2404/601
f 807/2405/602 805/2406/602 806/2407/602 808/2408/602
f 801/2409/603 802/2410/603 806/2411/603 805/2412/603
f 804/2413/604 803/2414/604 807/2415/604 808/2416/604
f 803/2417/605 801/2418/605 805/2419/605 807/2420/605
f 808/2421/606 806/2422/606 802/2423/606 804/2424/606
f 812/2425/607 810/2426/607 809/2427/607 811/2428/607
f 815/2429/608 813/2430/608 814/2431/608 816/2432/608
f 809/2433/609 810/2434/609 814/2435/609 813/2436/609
f 812/2437/610 811/2438/610 815/2439/610 816/2440/610
f 811/2441/611 809/2442/611 813/2443/611 815/2444/611
f 816/2445/612 814/2446/612 810/2447/612 812/2448/612
f 820/2449/613 818/2450/613 817/2451/613 819/2452/613
f 823/2453/614 821/2454/614 822/2455/614 824/2456/614
f 817/2457/615 818/2458/615 822/2459/615 821/2460/615
f 820/2461/616 819/2462/616 823/2463/616 824/2464/616
f 819/2465/617 817/2466/617 821/2467/617 823/2468/617
f 824/2469/618 822/2470/618 818/2471/618 820/2472/618
f 828/2473/619 826/2474/619 825/2475/619 827/2476/619
f 831/2477/620 829/2478/620 830/2479/620 832/2480/620
f 825/2481/621 826/2482/621 830/2483/621 829/2484/621
f 828/2485/622 827/2486/622 831/2487/622 832/2488/622
f 827/2489/623 825/2490/623 829/2491/623 831/2492/623
f 832/2493/624 830/2494/624 826/2495/624 828/2496/624
f 836/2497/625 834/2498/625 833/2499/625 835/2500/625
f 839/2501/626 837/2502/626 838/2503/626 840/2504/626
f 833/2505/627 834/2506/627 838/2507/627 837/2508/627
f 836/2509/628 835/2510/628 839/2511/628 840/2512/628
f 835/2513/629 833/2514/629 837/2515/629 839/2516/629
f 840/2517/630 838/2518/630 834/2519/630 836/2520/630
f 844/2521/631 842/2522/631 841/2523/631 843/2524/631
f 847/2525/632 845/2526/632 846/2527/632 848/2528/632
f 841/2529/633 842/2530/633 846/2531/633 845/2532/633
f 844/2533/634 843/2534/634 847/2535/634 848/2536/634
f 843/2537/635 841/2538/635 845/2539/635 847/2540/635
f 848/2541/636 846/2542/636 842/2543/636 844/2544/636
f 852/2545/637 850/2546/637 849/2547/637 851/2548/637
f 855/2549/638 853/2550/638 854/2551/638 856/2552/638
f 849/2553/639 850/2554/639 854/2555/639 853/2556/639
f 852/2557/640 851/2558/640 855/2559/640 856/2560/640
f 851/2561/641 849/2562/641 853/2563/641 855/2564/641
f 856/2565/642 854/2566/642 850/2567/642 852/2568/642
f 860/2569/643 858/2570/643 857/2571/643 859/2572/643
f 863/2573/644 861/2574/644 862/2575/644 864/2576/644
f 857/2577/645 858/2578/645 862/2579/645 861/2580/645
f 860/2581/646 859/2582/646 863/2583/646 864/2584/646
f 859/2585/647 857/2586/647 861/2587/647 863/2588/647
f 864/2589/648 862/2590/648 858/2591/648 860/2592/648
f 868/2593/649 866/2594/649 865/2595/649 867/2596/649
f 871/2597/650 869/2598/650 870/2599/650 872/2600/650
f 865/2601/651 866/2602/651 870/2603/651 869/2604/651
f 868/2605/652 867/2606/652 871/2607/652 872/2608/652
f 867/2609/653 865/2610/653 869/2611/653 871/2612/653
f 872/2613/654 870/2614/654 866/2615/654 868/2616/654
f 876/2617/655 874/2618/655 873/2619/655 875/2620/655
f 879/2621/656 877/2622/656 878/2623/656 880/2624/656
f 873/2625/657 874/2626/657 878/2627/657 877/2628/657
f 876/2629/658 875/2630/658 879/2631/658 880/2632/658
f 875/2633/659 873/2634/659 877/2635/659 879/2636/659
f 880/2637/660 878/2638/660 874/2639/660 876/2640/660
f 884/2641/661 882/2642/661 881/2643/661 883/2644/661
f 887/2645/662 885/2646/662 886/2647/662 888/2648/662
f 881/2649/663 882/2650/663 886/2651/663 885/2652/663
f 884/2653/664 883/2654/664 887/2655/664 888/2656/664
f 883/2657/665 881/2658/665 885/2659/665 887/2660/665
f 888/2661/666 886/2662/666 882/2663/666 884/2664/666
f 892/2665/667 890/2666/667 889/2667/667 891/2668/667
f 895/2669/668 893/2670/668 894/2671/668 896/2672/668
f 889/2673/669 890/2674/669 894/2675/669 893/2676/669
f 892/2677/670 891/2678/670 895/2679/670 896/2680/670
f 891/2681/671 889/2682/671 893/2683/671 895/2684/671
f 896/2685/672 894/2686/672 890/2687/672 892/2688/672
f 900/2689/673 898/2690/673 897/2691/673 899/2692/673
f 903/2693/674 901/2694/674 902/2695/674 904/2696/674
f 897/2697/675 898/2698/675 902/2699/675 901/2700/675
f 900/2701/676 899/2702/676 903/2703/676 904/2704/676
f 899/2705/677 897/2706/677 901/2707/677 903/2708/677
f 904/2709/678 902/2710/678 898/2711/678 900/2712/678
f 908/2713/679 906/2714/679 905/2715/679 907/2716/679
f 911/2717/680 909/2718/680 910/2719/680 912/2720/680
f 905/2721/681 906/2722/681 910/2723/681 909/2724/681
f 908/2725/682 907/2726/682 911/2727/682 912/2728/682
f 907/2729/683 905/2730/683 909/2731/683 911/2732/683
f 912/2733/684 910/2734/684 906/2735/684 908/2736/684
f 916/2737/685 914/2738/685 913/2739/685 915/2740/685
f 919/2741/686 917/2742/686 918/2743/686 920/2744/686
f 913/2745/687 914/2746/687 918/2747/687 917/2748/687
f 916/2749/688 915/2750/688 919/2751/688 920/2752/688
f 915/2753/689 913/2754/689 917/2755/689 919/2756/689
f 920/2757/690 918/2758/690 914/2759/690 916/2760/690
f 924/2761/691 922/2762/691 921/2763/691 923/2764/691
f 927/2765/692 925/2766/692 926/2767/692 928/2768/692
f 921/2769/693 922/2770/693 926/2771/693 925/2772/693
f 924/2773/694 923/2774/694 927/2775/694 928/2776/694
f 923/2777/695 921/2778/695 925/2779/695 927/2780/695
f 928/2781/696 926/2782/696 922/2783/696 924/2784/696
f 932/2785/697 930/2786/697 929/2787/697 931/2788/697
f 935/2789/698 933/2790/698 934/2791/698 936/2792/698
f 929/2793/699 930/2794/699 934/2795/699 933/2796/699
f 932/2797/700 931/2798/700 935/2799/700 936/2800/700
f 931/2801/701 929/2802/701 933/2803/701 935/2804/701
f 936/2805/702 934/2806/702 930/2807/702 932/2808/702